[{"time": "2026-04-09T16:03:03+08:00"}] 开始深度检查...
[1/6] 运行测试套件...

> JujuApp@1.0.4 test
> jest --coverage --watchAll=false

PASS __tests__/screens/CustomerServiceScreen.test.tsx
PASS __tests__/screens/VIPLevelsScreen.test.tsx
  ● Console

    console.error
      An update to VIPLevelsScreen inside a test was not wrapped in act(...).
      
      When testing, code that causes React state updates should be wrapped into act(...):
      
      act(() => {
        /* fire events that update state */
      });
      /* assert on the output */
      
      This ensures that you're testing the behavior the user would see in the browser. Learn more at https://react.dev/link/wrap-tests-with-act

      79 |         const data = (res as any).data || {};
      80 |         setCurrentLevel(data.currentLevel || data.current_level || 1);
    > 81 |         setCurrentPoints(data.currentPoints || data.current_points || 0);
         |         ^
      82 |       }
      83 |     } catch (error) {
      84 |       console.error("加载VIP等级失败:", error);

      at node_modules/react-test-renderer/cjs/react-test-renderer.development.js:14402:19
      at runWithFiberInDEV (node_modules/react-test-renderer/cjs/react-test-renderer.development.js:2315:13)
      at warnIfUpdatesNotWrappedWithActDEV (node_modules/react-test-renderer/cjs/react-test-renderer.development.js:14401:9)
      at scheduleUpdateOnFiber (node_modules/react-test-renderer/cjs/react-test-renderer.development.js:12086:9)
      at dispatchSetStateInternal (node_modules/react-test-renderer/cjs/react-test-renderer.development.js:6208:13)
      at dispatchSetState (node_modules/react-test-renderer/cjs/react-test-renderer.development.js:6165:7)
      at setCurrentPoints (src/screens/VIPLevelsScreen.tsx:81:9)
      at asyncGeneratorStep (node_modules/@babel/runtime/helpers/asyncToGenerator.js:3:17)
      at _next (node_modules/@babel/runtime/helpers/asyncToGenerator.js:17:9)

PASS __tests__/screens/ScanTicketScreen.test.tsx
PASS __tests__/screens/VIPPointsScreen.test.tsx
  ● Console

    console.error
      An update to VIPPointsScreen inside a test was not wrapped in act(...).
      
      When testing, code that causes React state updates should be wrapped into act(...):
      
      act(() => {
        /* fire events that update state */
      });
      /* assert on the output */
      
      This ensures that you're testing the behavior the user would see in the browser. Learn more at https://react.dev/link/wrap-tests-with-act

      60 |       if (res.success || (res as any).code === 0) {
      61 |         const data = (res as any).data || {};
    > 62 |         setPoints({
         |         ^
      63 |           total: data.total || data.total_points || 0,
      64 |           available: data.available || data.available_points || 0,
      65 |           frozen: data.frozen || data.frozen_points || 0,

      at node_modules/react-test-renderer/cjs/react-test-renderer.development.js:14402:19
      at runWithFiberInDEV (node_modules/react-test-renderer/cjs/react-test-renderer.development.js:2315:13)
      at warnIfUpdatesNotWrappedWithActDEV (node_modules/react-test-renderer/cjs/react-test-renderer.development.js:14401:9)
      at scheduleUpdateOnFiber (node_modules/react-test-renderer/cjs/react-test-renderer.development.js:12086:9)
      at dispatchSetStateInternal (node_modules/react-test-renderer/cjs/react-test-renderer.development.js:6208:13)
      at dispatchSetState (node_modules/react-test-renderer/cjs/react-test-renderer.development.js:6165:7)
      at setPoints (src/screens/VIPPointsScreen.tsx:62:9)
      at asyncGeneratorStep (node_modules/@babel/runtime/helpers/asyncToGenerator.js:3:17)
      at _next (node_modules/@babel/runtime/helpers/asyncToGenerator.js:17:9)

    console.error
      An update to VIPPointsScreen inside a test was not wrapped in act(...).
      
      When testing, code that causes React state updates should be wrapped into act(...):
      
      act(() => {
        /* fire events that update state */
      });
      /* assert on the output */
      
      This ensures that you're testing the behavior the user would see in the browser. Learn more at https://react.dev/link/wrap-tests-with-act

      77 |       if (res.success || (res as any).code === 0) {
      78 |         const data = (res as any).data || {};
    > 79 |         setHistory(data.list || data.history || []);
         |         ^
      80 |       }
      81 |     } catch (_error) {
      82 |       console.error("加载积分历史失败:", _error);

      at node_modules/react-test-renderer/cjs/react-test-renderer.development.js:14402:19
      at runWithFiberInDEV (node_modules/react-test-renderer/cjs/react-test-renderer.development.js:2315:13)
      at warnIfUpdatesNotWrappedWithActDEV (node_modules/react-test-renderer/cjs/react-test-renderer.development.js:14401:9)
      at scheduleUpdateOnFiber (node_modules/react-test-renderer/cjs/react-test-renderer.development.js:12086:9)
      at dispatchSetStateInternal (node_modules/react-test-renderer/cjs/react-test-renderer.development.js:6208:13)
      at dispatchSetState (node_modules/react-test-renderer/cjs/react-test-renderer.development.js:6165:7)
      at setHistory (src/screens/VIPPointsScreen.tsx:79:9)
      at asyncGeneratorStep (node_modules/@babel/runtime/helpers/asyncToGenerator.js:3:17)
      at _next (node_modules/@babel/runtime/helpers/asyncToGenerator.js:17:9)

PASS __tests__/screens/CreatePartyScreen.test.tsx
PASS __tests__/screens/FollowingScreen.test.tsx
PASS __tests__/screens/MapScreen.test.tsx
  ● Console

    console.error
      An update to MapScreen inside a test was not wrapped in act(...).
      
      When testing, code that causes React state updates should be wrapped into act(...):
      
      act(() => {
        /* fire events that update state */
      });
      /* assert on the output */
      
      This ensures that you're testing the behavior the user would see in the browser. Learn more at https://react.dev/link/wrap-tests-with-act

      49 |       setLoading(true);
      50 |       const location = await mapService.getCurrentLocation();
    > 51 |       _setCurrentLocation(location);
         |       ^
      52 |       if (!initialLocation) {
      53 |         setRegion({ ...region, latitude: location.latitude, longitude: location.longitude });
      54 |         setMarkers([{

      at node_modules/react-test-renderer/cjs/react-test-renderer.development.js:14402:19
      at runWithFiberInDEV (node_modules/react-test-renderer/cjs/react-test-renderer.development.js:2315:13)
      at warnIfUpdatesNotWrappedWithActDEV (node_modules/react-test-renderer/cjs/react-test-renderer.development.js:14401:9)
      at scheduleUpdateOnFiber (node_modules/react-test-renderer/cjs/react-test-renderer.development.js:12086:9)
      at dispatchSetStateInternal (node_modules/react-test-renderer/cjs/react-test-renderer.development.js:6208:13)
      at dispatchSetState (node_modules/react-test-renderer/cjs/react-test-renderer.development.js:6165:7)
      at _setCurrentLocation (src/screens/MapScreen.tsx:51:7)
      at asyncGeneratorStep (node_modules/@babel/runtime/helpers/asyncToGenerator.js:3:17)
      at _next (node_modules/@babel/runtime/helpers/asyncToGenerator.js:17:9)

    console.error
      An update to MapScreen inside a test was not wrapped in act(...).
      
      When testing, code that causes React state updates should be wrapped into act(...):
      
      act(() => {
        /* fire events that update state */
      });
      /* assert on the output */
      
      This ensures that you're testing the behavior the user would see in the browser. Learn more at https://react.dev/link/wrap-tests-with-act

      51 |       _setCurrentLocation(location);
      52 |       if (!initialLocation) {
    > 53 |         setRegion({ ...region, latitude: location.latitude, longitude: location.longitude });
         |         ^
      54 |         setMarkers([{
      55 |           id: 'current',
      56 |           coordinate: location,

      at node_modules/react-test-renderer/cjs/react-test-renderer.development.js:14402:19
      at runWithFiberInDEV (node_modules/react-test-renderer/cjs/react-test-renderer.development.js:2315:13)
      at warnIfUpdatesNotWrappedWithActDEV (node_modules/react-test-renderer/cjs/react-test-renderer.development.js:14401:9)
      at scheduleUpdateOnFiber (node_modules/react-test-renderer/cjs/react-test-renderer.development.js:12086:9)
      at dispatchSetStateInternal (node_modules/react-test-renderer/cjs/react-test-renderer.development.js:6208:13)
      at dispatchSetState (node_modules/react-test-renderer/cjs/react-test-renderer.development.js:6165:7)
      at setRegion (src/screens/MapScreen.tsx:53:9)
      at asyncGeneratorStep (node_modules/@babel/runtime/helpers/asyncToGenerator.js:3:17)
      at _next (node_modules/@babel/runtime/helpers/asyncToGenerator.js:17:9)

    console.error
      An update to MapScreen inside a test was not wrapped in act(...).
      
      When testing, code that causes React state updates should be wrapped into act(...):
      
      act(() => {
        /* fire events that update state */
      });
      /* assert on the output */
      
      This ensures that you're testing the behavior the user would see in the browser. Learn more at https://react.dev/link/wrap-tests-with-act

      52 |       if (!initialLocation) {
      53 |         setRegion({ ...region, latitude: location.latitude, longitude: location.longitude });
    > 54 |         setMarkers([{
         |         ^
      55 |           id: 'current',
      56 |           coordinate: location,
      57 |           title: 'Current Location',

      at node_modules/react-test-renderer/cjs/react-test-renderer.development.js:14402:19
      at runWithFiberInDEV (node_modules/react-test-renderer/cjs/react-test-renderer.development.js:2315:13)
      at warnIfUpdatesNotWrappedWithActDEV (node_modules/react-test-renderer/cjs/react-test-renderer.development.js:14401:9)
      at scheduleUpdateOnFiber (node_modules/react-test-renderer/cjs/react-test-renderer.development.js:12086:9)
      at dispatchSetStateInternal (node_modules/react-test-renderer/cjs/react-test-renderer.development.js:6208:13)
      at dispatchSetState (node_modules/react-test-renderer/cjs/react-test-renderer.development.js:6165:7)
      at setMarkers (src/screens/MapScreen.tsx:54:9)
      at asyncGeneratorStep (node_modules/@babel/runtime/helpers/asyncToGenerator.js:3:17)
      at _next (node_modules/@babel/runtime/helpers/asyncToGenerator.js:17:9)

    console.error
      An update to MapScreen inside a test was not wrapped in act(...).
      
      When testing, code that causes React state updates should be wrapped into act(...):
      
      act(() => {
        /* fire events that update state */
      });
      /* assert on the output */
      
      This ensures that you're testing the behavior the user would see in the browser. Learn more at https://react.dev/link/wrap-tests-with-act

      62 |       console.error('Failed to get location:', error);
      63 |     } finally {
    > 64 |       setLoading(false);
         |       ^
      65 |     }
      66 |   };
      67 |

      at node_modules/react-test-renderer/cjs/react-test-renderer.development.js:14402:19
      at runWithFiberInDEV (node_modules/react-test-renderer/cjs/react-test-renderer.development.js:2315:13)
      at warnIfUpdatesNotWrappedWithActDEV (node_modules/react-test-renderer/cjs/react-test-renderer.development.js:14401:9)
      at scheduleUpdateOnFiber (node_modules/react-test-renderer/cjs/react-test-renderer.development.js:12086:9)
      at dispatchSetStateInternal (node_modules/react-test-renderer/cjs/react-test-renderer.development.js:6208:13)
      at dispatchSetState (node_modules/react-test-renderer/cjs/react-test-renderer.development.js:6165:7)
      at setLoading (src/screens/MapScreen.tsx:64:7)
      at asyncGeneratorStep (node_modules/@babel/runtime/helpers/asyncToGenerator.js:3:17)
      at _next (node_modules/@babel/runtime/helpers/asyncToGenerator.js:17:9)

    console.error
      An update to MapScreen inside a test was not wrapped in act(...).
      
      When testing, code that causes React state updates should be wrapped into act(...):
      
      act(() => {
        /* fire events that update state */
      });
      /* assert on the output */
      
      This ensures that you're testing the behavior the user would see in the browser. Learn more at https://react.dev/link/wrap-tests-with-act

      49 |       setLoading(true);
      50 |       const location = await mapService.getCurrentLocation();
    > 51 |       _setCurrentLocation(location);
         |       ^
      52 |       if (!initialLocation) {
      53 |         setRegion({ ...region, latitude: location.latitude, longitude: location.longitude });
      54 |         setMarkers([{

      at node_modules/react-test-renderer/cjs/react-test-renderer.development.js:14402:19
      at runWithFiberInDEV (node_modules/react-test-renderer/cjs/react-test-renderer.development.js:2315:13)
      at warnIfUpdatesNotWrappedWithActDEV (node_modules/react-test-renderer/cjs/react-test-renderer.development.js:14401:9)
      at scheduleUpdateOnFiber (node_modules/react-test-renderer/cjs/react-test-renderer.development.js:12086:9)
      at dispatchSetStateInternal (node_modules/react-test-renderer/cjs/react-test-renderer.development.js:6208:13)
      at dispatchSetState (node_modules/react-test-renderer/cjs/react-test-renderer.development.js:6165:7)
      at _setCurrentLocation (src/screens/MapScreen.tsx:51:7)
      at asyncGeneratorStep (node_modules/@babel/runtime/helpers/asyncToGenerator.js:3:17)
      at _next (node_modules/@babel/runtime/helpers/asyncToGenerator.js:17:9)

    console.error
      An update to MapScreen inside a test was not wrapped in act(...).
      
      When testing, code that causes React state updates should be wrapped into act(...):
      
      act(() => {
        /* fire events that update state */
      });
      /* assert on the output */
      
      This ensures that you're testing the behavior the user would see in the browser. Learn more at https://react.dev/link/wrap-tests-with-act

      51 |       _setCurrentLocation(location);
      52 |       if (!initialLocation) {
    > 53 |         setRegion({ ...region, latitude: location.latitude, longitude: location.longitude });
         |         ^
      54 |         setMarkers([{
      55 |           id: 'current',
      56 |           coordinate: location,

      at node_modules/react-test-renderer/cjs/react-test-renderer.development.js:14402:19
      at runWithFiberInDEV (node_modules/react-test-renderer/cjs/react-test-renderer.development.js:2315:13)
      at warnIfUpdatesNotWrappedWithActDEV (node_modules/react-test-renderer/cjs/react-test-renderer.development.js:14401:9)
      at scheduleUpdateOnFiber (node_modules/react-test-renderer/cjs/react-test-renderer.development.js:12086:9)
      at dispatchSetStateInternal (node_modules/react-test-renderer/cjs/react-test-renderer.development.js:6208:13)
      at dispatchSetState (node_modules/react-test-renderer/cjs/react-test-renderer.development.js:6165:7)
      at setRegion (src/screens/MapScreen.tsx:53:9)
      at asyncGeneratorStep (node_modules/@babel/runtime/helpers/asyncToGenerator.js:3:17)
      at _next (node_modules/@babel/runtime/helpers/asyncToGenerator.js:17:9)

    console.error
      An update to MapScreen inside a test was not wrapped in act(...).
      
      When testing, code that causes React state updates should be wrapped into act(...):
      
      act(() => {
        /* fire events that update state */
      });
      /* assert on the output */
      
      This ensures that you're testing the behavior the user would see in the browser. Learn more at https://react.dev/link/wrap-tests-with-act

      52 |       if (!initialLocation) {
      53 |         setRegion({ ...region, latitude: location.latitude, longitude: location.longitude });
    > 54 |         setMarkers([{
         |         ^
      55 |           id: 'current',
      56 |           coordinate: location,
      57 |           title: 'Current Location',

      at node_modules/react-test-renderer/cjs/react-test-renderer.development.js:14402:19
      at runWithFiberInDEV (node_modules/react-test-renderer/cjs/react-test-renderer.development.js:2315:13)
      at warnIfUpdatesNotWrappedWithActDEV (node_modules/react-test-renderer/cjs/react-test-renderer.development.js:14401:9)
      at scheduleUpdateOnFiber (node_modules/react-test-renderer/cjs/react-test-renderer.development.js:12086:9)
      at dispatchSetStateInternal (node_modules/react-test-renderer/cjs/react-test-renderer.development.js:6208:13)
      at dispatchSetState (node_modules/react-test-renderer/cjs/react-test-renderer.development.js:6165:7)
      at setMarkers (src/screens/MapScreen.tsx:54:9)
      at asyncGeneratorStep (node_modules/@babel/runtime/helpers/asyncToGenerator.js:3:17)
      at _next (node_modules/@babel/runtime/helpers/asyncToGenerator.js:17:9)

    console.error
      An update to MapScreen inside a test was not wrapped in act(...).
      
      When testing, code that causes React state updates should be wrapped into act(...):
      
      act(() => {
        /* fire events that update state */
      });
      /* assert on the output */
      
      This ensures that you're testing the behavior the user would see in the browser. Learn more at https://react.dev/link/wrap-tests-with-act

      62 |       console.error('Failed to get location:', error);
      63 |     } finally {
    > 64 |       setLoading(false);
         |       ^
      65 |     }
      66 |   };
      67 |

      at node_modules/react-test-renderer/cjs/react-test-renderer.development.js:14402:19
      at runWithFiberInDEV (node_modules/react-test-renderer/cjs/react-test-renderer.development.js:2315:13)
      at warnIfUpdatesNotWrappedWithActDEV (node_modules/react-test-renderer/cjs/react-test-renderer.development.js:14401:9)
      at scheduleUpdateOnFiber (node_modules/react-test-renderer/cjs/react-test-renderer.development.js:12086:9)
      at dispatchSetStateInternal (node_modules/react-test-renderer/cjs/react-test-renderer.development.js:6208:13)
      at dispatchSetState (node_modules/react-test-renderer/cjs/react-test-renderer.development.js:6165:7)
      at setLoading (src/screens/MapScreen.tsx:64:7)
      at asyncGeneratorStep (node_modules/@babel/runtime/helpers/asyncToGenerator.js:3:17)
      at _next (node_modules/@babel/runtime/helpers/asyncToGenerator.js:17:9)

    console.error
      An update to MapScreen inside a test was not wrapped in act(...).
      
      When testing, code that causes React state updates should be wrapped into act(...):
      
      act(() => {
        /* fire events that update state */
      });
      /* assert on the output */
      
      This ensures that you're testing the behavior the user would see in the browser. Learn more at https://react.dev/link/wrap-tests-with-act

      49 |       setLoading(true);
      50 |       const location = await mapService.getCurrentLocation();
    > 51 |       _setCurrentLocation(location);
         |       ^
      52 |       if (!initialLocation) {
      53 |         setRegion({ ...region, latitude: location.latitude, longitude: location.longitude });
      54 |         setMarkers([{

      at node_modules/react-test-renderer/cjs/react-test-renderer.development.js:14402:19
      at runWithFiberInDEV (node_modules/react-test-renderer/cjs/react-test-renderer.development.js:2315:13)
      at warnIfUpdatesNotWrappedWithActDEV (node_modules/react-test-renderer/cjs/react-test-renderer.development.js:14401:9)
      at scheduleUpdateOnFiber (node_modules/react-test-renderer/cjs/react-test-renderer.development.js:12086:9)
      at dispatchSetStateInternal (node_modules/react-test-renderer/cjs/react-test-renderer.development.js:6208:13)
      at dispatchSetState (node_modules/react-test-renderer/cjs/react-test-renderer.development.js:6165:7)
      at _setCurrentLocation (src/screens/MapScreen.tsx:51:7)
      at asyncGeneratorStep (node_modules/@babel/runtime/helpers/asyncToGenerator.js:3:17)
      at _next (node_modules/@babel/runtime/helpers/asyncToGenerator.js:17:9)

    console.error
      An update to MapScreen inside a test was not wrapped in act(...).
      
      When testing, code that causes React state updates should be wrapped into act(...):
      
      act(() => {
        /* fire events that update state */
      });
      /* assert on the output */
      
      This ensures that you're testing the behavior the user would see in the browser. Learn more at https://react.dev/link/wrap-tests-with-act

      51 |       _setCurrentLocation(location);
      52 |       if (!initialLocation) {
    > 53 |         setRegion({ ...region, latitude: location.latitude, longitude: location.longitude });
         |         ^
      54 |         setMarkers([{
      55 |           id: 'current',
      56 |           coordinate: location,

      at node_modules/react-test-renderer/cjs/react-test-renderer.development.js:14402:19
      at runWithFiberInDEV (node_modules/react-test-renderer/cjs/react-test-renderer.development.js:2315:13)
      at warnIfUpdatesNotWrappedWithActDEV (node_modules/react-test-renderer/cjs/react-test-renderer.development.js:14401:9)
      at scheduleUpdateOnFiber (node_modules/react-test-renderer/cjs/react-test-renderer.development.js:12086:9)
      at dispatchSetStateInternal (node_modules/react-test-renderer/cjs/react-test-renderer.development.js:6208:13)
      at dispatchSetState (node_modules/react-test-renderer/cjs/react-test-renderer.development.js:6165:7)
      at setRegion (src/screens/MapScreen.tsx:53:9)
      at asyncGeneratorStep (node_modules/@babel/runtime/helpers/asyncToGenerator.js:3:17)
      at _next (node_modules/@babel/runtime/helpers/asyncToGenerator.js:17:9)

    console.error
      An update to MapScreen inside a test was not wrapped in act(...).
      
      When testing, code that causes React state updates should be wrapped into act(...):
      
      act(() => {
        /* fire events that update state */
      });
      /* assert on the output */
      
      This ensures that you're testing the behavior the user would see in the browser. Learn more at https://react.dev/link/wrap-tests-with-act

      52 |       if (!initialLocation) {
      53 |         setRegion({ ...region, latitude: location.latitude, longitude: location.longitude });
    > 54 |         setMarkers([{
         |         ^
      55 |           id: 'current',
      56 |           coordinate: location,
      57 |           title: 'Current Location',

      at node_modules/react-test-renderer/cjs/react-test-renderer.development.js:14402:19
      at runWithFiberInDEV (node_modules/react-test-renderer/cjs/react-test-renderer.development.js:2315:13)
      at warnIfUpdatesNotWrappedWithActDEV (node_modules/react-test-renderer/cjs/react-test-renderer.development.js:14401:9)
      at scheduleUpdateOnFiber (node_modules/react-test-renderer/cjs/react-test-renderer.development.js:12086:9)
      at dispatchSetStateInternal (node_modules/react-test-renderer/cjs/react-test-renderer.development.js:6208:13)
      at dispatchSetState (node_modules/react-test-renderer/cjs/react-test-renderer.development.js:6165:7)
      at setMarkers (src/screens/MapScreen.tsx:54:9)
      at asyncGeneratorStep (node_modules/@babel/runtime/helpers/asyncToGenerator.js:3:17)
      at _next (node_modules/@babel/runtime/helpers/asyncToGenerator.js:17:9)

    console.error
      An update to MapScreen inside a test was not wrapped in act(...).
      
      When testing, code that causes React state updates should be wrapped into act(...):
      
      act(() => {
        /* fire events that update state */
      });
      /* assert on the output */
      
      This ensures that you're testing the behavior the user would see in the browser. Learn more at https://react.dev/link/wrap-tests-with-act

      62 |       console.error('Failed to get location:', error);
      63 |     } finally {
    > 64 |       setLoading(false);
         |       ^
      65 |     }
      66 |   };
      67 |

      at node_modules/react-test-renderer/cjs/react-test-renderer.development.js:14402:19
      at runWithFiberInDEV (node_modules/react-test-renderer/cjs/react-test-renderer.development.js:2315:13)
      at warnIfUpdatesNotWrappedWithActDEV (node_modules/react-test-renderer/cjs/react-test-renderer.development.js:14401:9)
      at scheduleUpdateOnFiber (node_modules/react-test-renderer/cjs/react-test-renderer.development.js:12086:9)
      at dispatchSetStateInternal (node_modules/react-test-renderer/cjs/react-test-renderer.development.js:6208:13)
      at dispatchSetState (node_modules/react-test-renderer/cjs/react-test-renderer.development.js:6165:7)
      at setLoading (src/screens/MapScreen.tsx:64:7)
      at asyncGeneratorStep (node_modules/@babel/runtime/helpers/asyncToGenerator.js:3:17)
      at _next (node_modules/@babel/runtime/helpers/asyncToGenerator.js:17:9)

    console.error
      An update to MapScreen inside a test was not wrapped in act(...).
      
      When testing, code that causes React state updates should be wrapped into act(...):
      
      act(() => {
        /* fire events that update state */
      });
      /* assert on the output */
      
      This ensures that you're testing the behavior the user would see in the browser. Learn more at https://react.dev/link/wrap-tests-with-act

      49 |       setLoading(true);
      50 |       const location = await mapService.getCurrentLocation();
    > 51 |       _setCurrentLocation(location);
         |       ^
      52 |       if (!initialLocation) {
      53 |         setRegion({ ...region, latitude: location.latitude, longitude: location.longitude });
      54 |         setMarkers([{

      at node_modules/react-test-renderer/cjs/react-test-renderer.development.js:14402:19
      at runWithFiberInDEV (node_modules/react-test-renderer/cjs/react-test-renderer.development.js:2315:13)
      at warnIfUpdatesNotWrappedWithActDEV (node_modules/react-test-renderer/cjs/react-test-renderer.development.js:14401:9)
      at scheduleUpdateOnFiber (node_modules/react-test-renderer/cjs/react-test-renderer.development.js:12086:9)
      at dispatchSetStateInternal (node_modules/react-test-renderer/cjs/react-test-renderer.development.js:6208:13)
      at dispatchSetState (node_modules/react-test-renderer/cjs/react-test-renderer.development.js:6165:7)
      at _setCurrentLocation (src/screens/MapScreen.tsx:51:7)
      at asyncGeneratorStep (node_modules/@babel/runtime/helpers/asyncToGenerator.js:3:17)
      at _next (node_modules/@babel/runtime/helpers/asyncToGenerator.js:17:9)

    console.error
      An update to MapScreen inside a test was not wrapped in act(...).
      
      When testing, code that causes React state updates should be wrapped into act(...):
      
      act(() => {
        /* fire events that update state */
      });
      /* assert on the output */
      
      This ensures that you're testing the behavior the user would see in the browser. Learn more at https://react.dev/link/wrap-tests-with-act

      51 |       _setCurrentLocation(location);
      52 |       if (!initialLocation) {
    > 53 |         setRegion({ ...region, latitude: location.latitude, longitude: location.longitude });
         |         ^
      54 |         setMarkers([{
      55 |           id: 'current',
      56 |           coordinate: location,

      at node_modules/react-test-renderer/cjs/react-test-renderer.development.js:14402:19
      at runWithFiberInDEV (node_modules/react-test-renderer/cjs/react-test-renderer.development.js:2315:13)
      at warnIfUpdatesNotWrappedWithActDEV (node_modules/react-test-renderer/cjs/react-test-renderer.development.js:14401:9)
      at scheduleUpdateOnFiber (node_modules/react-test-renderer/cjs/react-test-renderer.development.js:12086:9)
      at dispatchSetStateInternal (node_modules/react-test-renderer/cjs/react-test-renderer.development.js:6208:13)
      at dispatchSetState (node_modules/react-test-renderer/cjs/react-test-renderer.development.js:6165:7)
      at setRegion (src/screens/MapScreen.tsx:53:9)
      at asyncGeneratorStep (node_modules/@babel/runtime/helpers/asyncToGenerator.js:3:17)
      at _next (node_modules/@babel/runtime/helpers/asyncToGenerator.js:17:9)

    console.error
      An update to MapScreen inside a test was not wrapped in act(...).
      
      When testing, code that causes React state updates should be wrapped into act(...):
      
      act(() => {
        /* fire events that update state */
      });
      /* assert on the output */
      
      This ensures that you're testing the behavior the user would see in the browser. Learn more at https://react.dev/link/wrap-tests-with-act

      52 |       if (!initialLocation) {
      53 |         setRegion({ ...region, latitude: location.latitude, longitude: location.longitude });
    > 54 |         setMarkers([{
         |         ^
      55 |           id: 'current',
      56 |           coordinate: location,
      57 |           title: 'Current Location',

      at node_modules/react-test-renderer/cjs/react-test-renderer.development.js:14402:19
      at runWithFiberInDEV (node_modules/react-test-renderer/cjs/react-test-renderer.development.js:2315:13)
      at warnIfUpdatesNotWrappedWithActDEV (node_modules/react-test-renderer/cjs/react-test-renderer.development.js:14401:9)
      at scheduleUpdateOnFiber (node_modules/react-test-renderer/cjs/react-test-renderer.development.js:12086:9)
      at dispatchSetStateInternal (node_modules/react-test-renderer/cjs/react-test-renderer.development.js:6208:13)
      at dispatchSetState (node_modules/react-test-renderer/cjs/react-test-renderer.development.js:6165:7)
      at setMarkers (src/screens/MapScreen.tsx:54:9)
      at asyncGeneratorStep (node_modules/@babel/runtime/helpers/asyncToGenerator.js:3:17)
      at _next (node_modules/@babel/runtime/helpers/asyncToGenerator.js:17:9)

    console.error
      An update to MapScreen inside a test was not wrapped in act(...).
      
      When testing, code that causes React state updates should be wrapped into act(...):
      
      act(() => {
        /* fire events that update state */
      });
      /* assert on the output */
      
      This ensures that you're testing the behavior the user would see in the browser. Learn more at https://react.dev/link/wrap-tests-with-act

      62 |       console.error('Failed to get location:', error);
      63 |     } finally {
    > 64 |       setLoading(false);
         |       ^
      65 |     }
      66 |   };
      67 |

      at node_modules/react-test-renderer/cjs/react-test-renderer.development.js:14402:19
      at runWithFiberInDEV (node_modules/react-test-renderer/cjs/react-test-renderer.development.js:2315:13)
      at warnIfUpdatesNotWrappedWithActDEV (node_modules/react-test-renderer/cjs/react-test-renderer.development.js:14401:9)
      at scheduleUpdateOnFiber (node_modules/react-test-renderer/cjs/react-test-renderer.development.js:12086:9)
      at dispatchSetStateInternal (node_modules/react-test-renderer/cjs/react-test-renderer.development.js:6208:13)
      at dispatchSetState (node_modules/react-test-renderer/cjs/react-test-renderer.development.js:6165:7)
      at setLoading (src/screens/MapScreen.tsx:64:7)
      at asyncGeneratorStep (node_modules/@babel/runtime/helpers/asyncToGenerator.js:3:17)
      at _next (node_modules/@babel/runtime/helpers/asyncToGenerator.js:17:9)

    console.error
      Failed to get location: Error: Location error
          at Object.<anonymous> (/Users/mac/.openclaw.pre-migration/workspace/juju-platform-all/JujuApp/__tests__/screens/MapScreen.test.tsx:97:68)
          at Generator.next (<anonymous>)
          at asyncGeneratorStep (/Users/mac/.openclaw.pre-migration/workspace/juju-platform-all/JujuApp/node_modules/@babel/runtime/helpers/asyncToGenerator.js:3:17)
          at _next (/Users/mac/.openclaw.pre-migration/workspace/juju-platform-all/JujuApp/node_modules/@babel/runtime/helpers/asyncToGenerator.js:17:9)
          at /Users/mac/.openclaw.pre-migration/workspace/juju-platform-all/JujuApp/node_modules/@babel/runtime/helpers/asyncToGenerator.js:22:7
          at new Promise (<anonymous>)
          at Object.<anonymous> (/Users/mac/.openclaw.pre-migration/workspace/juju-platform-all/JujuApp/node_modules/@babel/runtime/helpers/asyncToGenerator.js:14:12)
          at Promise.then.completed (/Users/mac/.openclaw.pre-migration/workspace/juju-platform-all/JujuApp/node_modules/jest-circus/build/utils.js:298:28)
          at new Promise (<anonymous>)
          at callAsyncCircusFn (/Users/mac/.openclaw.pre-migration/workspace/juju-platform-all/JujuApp/node_modules/jest-circus/build/utils.js:231:10)
          at _callCircusTest (/Users/mac/.openclaw.pre-migration/workspace/juju-platform-all/JujuApp/node_modules/jest-circus/build/run.js:316:40)
          at _runTest (/Users/mac/.openclaw.pre-migration/workspace/juju-platform-all/JujuApp/node_modules/jest-circus/build/run.js:252:3)
          at _runTestsForDescribeBlock (/Users/mac/.openclaw.pre-migration/workspace/juju-platform-all/JujuApp/node_modules/jest-circus/build/run.js:126:9)
          at _runTestsForDescribeBlock (/Users/mac/.openclaw.pre-migration/workspace/juju-platform-all/JujuApp/node_modules/jest-circus/build/run.js:121:9)
          at run (/Users/mac/.openclaw.pre-migration/workspace/juju-platform-all/JujuApp/node_modules/jest-circus/build/run.js:71:3)
          at runAndTransformResultsToJestFormat (/Users/mac/.openclaw.pre-migration/workspace/juju-platform-all/JujuApp/node_modules/jest-circus/build/legacy-code-todo-rewrite/jestAdapterInit.js:122:21)
          at jestAdapter (/Users/mac/.openclaw.pre-migration/workspace/juju-platform-all/JujuApp/node_modules/jest-circus/build/legacy-code-todo-rewrite/jestAdapter.js:79:19)
          at runTestInternal (/Users/mac/.openclaw.pre-migration/workspace/juju-platform-all/JujuApp/node_modules/jest-runner/build/runTest.js:367:16)
          at runTest (/Users/mac/.openclaw.pre-migration/workspace/juju-platform-all/JujuApp/node_modules/jest-runner/build/runTest.js:444:34)
          at Object.worker (/Users/mac/.openclaw.pre-migration/workspace/juju-platform-all/JujuApp/node_modules/jest-runner/build/testWorker.js:106:12)

      60 |       }
      61 |     } catch (error) {
    > 62 |       console.error('Failed to get location:', error);
         |               ^
      63 |     } finally {
      64 |       setLoading(false);
      65 |     }

      at error (src/screens/MapScreen.tsx:62:15)
          at Generator.throw (<anonymous>)
      at asyncGeneratorStep (node_modules/@babel/runtime/helpers/asyncToGenerator.js:3:17)
      at _throw (node_modules/@babel/runtime/helpers/asyncToGenerator.js:20:9)

PASS __tests__/screens/WalletScreen.test.tsx
  ● Console

    console.error
      An update to WalletScreen inside a test was not wrapped in act(...).
      
      When testing, code that causes React state updates should be wrapped into act(...):
      
      act(() => {
        /* fire events that update state */
      });
      /* assert on the output */
      
      This ensures that you're testing the behavior the user would see in the browser. Learn more at https://react.dev/link/wrap-tests-with-act

      24 |     try {
      25 |       const res = await walletApi.getWalletInfo();
    > 26 |       if (res.success) setWalletInfo((res as any).data);
         |                        ^
      27 |     } catch (e) { console.error(e); }
      28 |   };
      29 |

      at node_modules/react-test-renderer/cjs/react-test-renderer.development.js:14402:19
      at runWithFiberInDEV (node_modules/react-test-renderer/cjs/react-test-renderer.development.js:2315:13)
      at warnIfUpdatesNotWrappedWithActDEV (node_modules/react-test-renderer/cjs/react-test-renderer.development.js:14401:9)
      at scheduleUpdateOnFiber (node_modules/react-test-renderer/cjs/react-test-renderer.development.js:12086:9)
      at dispatchSetStateInternal (node_modules/react-test-renderer/cjs/react-test-renderer.development.js:6208:13)
      at dispatchSetState (node_modules/react-test-renderer/cjs/react-test-renderer.development.js:6165:7)
      at setWalletInfo (src/screens/WalletScreen.tsx:26:24)
      at asyncGeneratorStep (node_modules/@babel/runtime/helpers/asyncToGenerator.js:3:17)
      at _next (node_modules/@babel/runtime/helpers/asyncToGenerator.js:17:9)

    console.error
      An update to WalletScreen inside a test was not wrapped in act(...).
      
      When testing, code that causes React state updates should be wrapped into act(...):
      
      act(() => {
        /* fire events that update state */
      });
      /* assert on the output */
      
      This ensures that you're testing the behavior the user would see in the browser. Learn more at https://react.dev/link/wrap-tests-with-act

      31 |     try {
      32 |       const res = await walletApi.getTransactions({ page: 1, pageSize: 5 });
    > 33 |       if (res.success) setTransactions((res as any).data?.list || []);
         |                        ^
      34 |     } catch (e) { console.error(e); }
      35 |   };
      36 |

      at node_modules/react-test-renderer/cjs/react-test-renderer.development.js:14402:19
      at runWithFiberInDEV (node_modules/react-test-renderer/cjs/react-test-renderer.development.js:2315:13)
      at warnIfUpdatesNotWrappedWithActDEV (node_modules/react-test-renderer/cjs/react-test-renderer.development.js:14401:9)
      at scheduleUpdateOnFiber (node_modules/react-test-renderer/cjs/react-test-renderer.development.js:12086:9)
      at dispatchSetStateInternal (node_modules/react-test-renderer/cjs/react-test-renderer.development.js:6208:13)
      at dispatchSetState (node_modules/react-test-renderer/cjs/react-test-renderer.development.js:6165:7)
      at setTransactions (src/screens/WalletScreen.tsx:33:24)
      at asyncGeneratorStep (node_modules/@babel/runtime/helpers/asyncToGenerator.js:3:17)
      at _next (node_modules/@babel/runtime/helpers/asyncToGenerator.js:17:9)

PASS __tests__/screens/SocialScreen.test.tsx
  ● Console

    console.error
      An update to SocialScreen inside a test was not wrapped in act(...).
      
      When testing, code that causes React state updates should be wrapped into act(...):
      
      act(() => {
        /* fire events that update state */
      });
      /* assert on the output */
      
      This ensures that you're testing the behavior the user would see in the browser. Learn more at https://react.dev/link/wrap-tests-with-act

      44 |       if ((res as any).code === 0) {
      45 |         const newUsers = (res as any).data?.list || [];
    > 46 |         if (reset) setUserList(newUsers);
         |                    ^
      47 |         else setUserList([...userList, ...newUsers]);
      48 |         setHasMore(newUsers.length >= pageSize);
      49 |         setPage(page + 1);

      at node_modules/react-test-renderer/cjs/react-test-renderer.development.js:14402:19
      at runWithFiberInDEV (node_modules/react-test-renderer/cjs/react-test-renderer.development.js:2315:13)
      at warnIfUpdatesNotWrappedWithActDEV (node_modules/react-test-renderer/cjs/react-test-renderer.development.js:14401:9)
      at scheduleUpdateOnFiber (node_modules/react-test-renderer/cjs/react-test-renderer.development.js:12086:9)
      at dispatchSetStateInternal (node_modules/react-test-renderer/cjs/react-test-renderer.development.js:6208:13)
      at dispatchSetState (node_modules/react-test-renderer/cjs/react-test-renderer.development.js:6165:7)
      at setUserList (src/screens/SocialScreen.tsx:46:20)
      at asyncGeneratorStep (node_modules/@babel/runtime/helpers/asyncToGenerator.js:3:17)
      at _next (node_modules/@babel/runtime/helpers/asyncToGenerator.js:17:9)

    console.error
      An update to SocialScreen inside a test was not wrapped in act(...).
      
      When testing, code that causes React state updates should be wrapped into act(...):
      
      act(() => {
        /* fire events that update state */
      });
      /* assert on the output */
      
      This ensures that you're testing the behavior the user would see in the browser. Learn more at https://react.dev/link/wrap-tests-with-act

      46 |         if (reset) setUserList(newUsers);
      47 |         else setUserList([...userList, ...newUsers]);
    > 48 |         setHasMore(newUsers.length >= pageSize);
         |         ^
      49 |         setPage(page + 1);
      50 |         if (currentTab === "followers") setFollowersCount((res as any).data?.total || 0);
      51 |         else setFollowingCount((res as any).data?.total || 0);

      at node_modules/react-test-renderer/cjs/react-test-renderer.development.js:14402:19
      at runWithFiberInDEV (node_modules/react-test-renderer/cjs/react-test-renderer.development.js:2315:13)
      at warnIfUpdatesNotWrappedWithActDEV (node_modules/react-test-renderer/cjs/react-test-renderer.development.js:14401:9)
      at scheduleUpdateOnFiber (node_modules/react-test-renderer/cjs/react-test-renderer.development.js:12086:9)
      at dispatchSetStateInternal (node_modules/react-test-renderer/cjs/react-test-renderer.development.js:6208:13)
      at dispatchSetState (node_modules/react-test-renderer/cjs/react-test-renderer.development.js:6165:7)
      at setHasMore (src/screens/SocialScreen.tsx:48:9)
      at asyncGeneratorStep (node_modules/@babel/runtime/helpers/asyncToGenerator.js:3:17)
      at _next (node_modules/@babel/runtime/helpers/asyncToGenerator.js:17:9)

    console.error
      An update to SocialScreen inside a test was not wrapped in act(...).
      
      When testing, code that causes React state updates should be wrapped into act(...):
      
      act(() => {
        /* fire events that update state */
      });
      /* assert on the output */
      
      This ensures that you're testing the behavior the user would see in the browser. Learn more at https://react.dev/link/wrap-tests-with-act

      47 |         else setUserList([...userList, ...newUsers]);
      48 |         setHasMore(newUsers.length >= pageSize);
    > 49 |         setPage(page + 1);
         |         ^
      50 |         if (currentTab === "followers") setFollowersCount((res as any).data?.total || 0);
      51 |         else setFollowingCount((res as any).data?.total || 0);
      52 |       }

      at node_modules/react-test-renderer/cjs/react-test-renderer.development.js:14402:19
      at runWithFiberInDEV (node_modules/react-test-renderer/cjs/react-test-renderer.development.js:2315:13)
      at warnIfUpdatesNotWrappedWithActDEV (node_modules/react-test-renderer/cjs/react-test-renderer.development.js:14401:9)
      at scheduleUpdateOnFiber (node_modules/react-test-renderer/cjs/react-test-renderer.development.js:12086:9)
      at dispatchSetStateInternal (node_modules/react-test-renderer/cjs/react-test-renderer.development.js:6208:13)
      at dispatchSetState (node_modules/react-test-renderer/cjs/react-test-renderer.development.js:6165:7)
      at setPage (src/screens/SocialScreen.tsx:49:9)
      at asyncGeneratorStep (node_modules/@babel/runtime/helpers/asyncToGenerator.js:3:17)
      at _next (node_modules/@babel/runtime/helpers/asyncToGenerator.js:17:9)

    console.error
      An update to SocialScreen inside a test was not wrapped in act(...).
      
      When testing, code that causes React state updates should be wrapped into act(...):
      
      act(() => {
        /* fire events that update state */
      });
      /* assert on the output */
      
      This ensures that you're testing the behavior the user would see in the browser. Learn more at https://react.dev/link/wrap-tests-with-act

      48 |         setHasMore(newUsers.length >= pageSize);
      49 |         setPage(page + 1);
    > 50 |         if (currentTab === "followers") setFollowersCount((res as any).data?.total || 0);
         |                                         ^
      51 |         else setFollowingCount((res as any).data?.total || 0);
      52 |       }
      53 |     } catch {

      at node_modules/react-test-renderer/cjs/react-test-renderer.development.js:14402:19
      at runWithFiberInDEV (node_modules/react-test-renderer/cjs/react-test-renderer.development.js:2315:13)
      at warnIfUpdatesNotWrappedWithActDEV (node_modules/react-test-renderer/cjs/react-test-renderer.development.js:14401:9)
      at scheduleUpdateOnFiber (node_modules/react-test-renderer/cjs/react-test-renderer.development.js:12086:9)
      at dispatchSetStateInternal (node_modules/react-test-renderer/cjs/react-test-renderer.development.js:6208:13)
      at dispatchSetState (node_modules/react-test-renderer/cjs/react-test-renderer.development.js:6165:7)
      at setFollowersCount (src/screens/SocialScreen.tsx:50:41)
      at asyncGeneratorStep (node_modules/@babel/runtime/helpers/asyncToGenerator.js:3:17)
      at _next (node_modules/@babel/runtime/helpers/asyncToGenerator.js:17:9)

    console.error
      An update to SocialScreen inside a test was not wrapped in act(...).
      
      When testing, code that causes React state updates should be wrapped into act(...):
      
      act(() => {
        /* fire events that update state */
      });
      /* assert on the output */
      
      This ensures that you're testing the behavior the user would see in the browser. Learn more at https://react.dev/link/wrap-tests-with-act

      54 |       Alert.alert("错误", "加载失败");
      55 |     } finally {
    > 56 |       setLoading(false);
         |       ^
      57 |     }
      58 |   };
      59 |

      at node_modules/react-test-renderer/cjs/react-test-renderer.development.js:14402:19
      at runWithFiberInDEV (node_modules/react-test-renderer/cjs/react-test-renderer.development.js:2315:13)
      at warnIfUpdatesNotWrappedWithActDEV (node_modules/react-test-renderer/cjs/react-test-renderer.development.js:14401:9)
      at scheduleUpdateOnFiber (node_modules/react-test-renderer/cjs/react-test-renderer.development.js:12086:9)
      at dispatchSetStateInternal (node_modules/react-test-renderer/cjs/react-test-renderer.development.js:6208:13)
      at dispatchSetState (node_modules/react-test-renderer/cjs/react-test-renderer.development.js:6165:7)
      at setLoading (src/screens/SocialScreen.tsx:56:7)
      at asyncGeneratorStep (node_modules/@babel/runtime/helpers/asyncToGenerator.js:3:17)
      at _next (node_modules/@babel/runtime/helpers/asyncToGenerator.js:17:9)

PASS __tests__/screens/OrderDetailScreen.test.tsx
  ● Console

    console.error
      An update to OrderDetailScreen inside a test was not wrapped in act(...).
      
      When testing, code that causes React state updates should be wrapped into act(...):
      
      act(() => {
        /* fire events that update state */
      });
      /* assert on the output */
      
      This ensures that you're testing the behavior the user would see in the browser. Learn more at https://react.dev/link/wrap-tests-with-act

      28 |     try {
      29 |       const res = await orderApi.getOrderDetail(orderId);
    > 30 |       if ((res as any).code === 0) setOrder((res as any).data);
         |                                    ^
      31 |       else Alert.alert('错误', (res as any).message || '获取订单详情失败');
      32 |     } catch { Alert.alert('错误', '网络错误'); }
      33 |     finally { setLoading(false); }

      at node_modules/react-test-renderer/cjs/react-test-renderer.development.js:14402:19
      at runWithFiberInDEV (node_modules/react-test-renderer/cjs/react-test-renderer.development.js:2315:13)
      at warnIfUpdatesNotWrappedWithActDEV (node_modules/react-test-renderer/cjs/react-test-renderer.development.js:14401:9)
      at scheduleUpdateOnFiber (node_modules/react-test-renderer/cjs/react-test-renderer.development.js:12086:9)
      at dispatchSetStateInternal (node_modules/react-test-renderer/cjs/react-test-renderer.development.js:6208:13)
      at dispatchSetState (node_modules/react-test-renderer/cjs/react-test-renderer.development.js:6165:7)
      at setOrder (src/screens/OrderDetailScreen.tsx:30:36)
      at asyncGeneratorStep (node_modules/@babel/runtime/helpers/asyncToGenerator.js:3:17)
      at _next (node_modules/@babel/runtime/helpers/asyncToGenerator.js:17:9)

    console.error
      An update to OrderDetailScreen inside a test was not wrapped in act(...).
      
      When testing, code that causes React state updates should be wrapped into act(...):
      
      act(() => {
        /* fire events that update state */
      });
      /* assert on the output */
      
      This ensures that you're testing the behavior the user would see in the browser. Learn more at https://react.dev/link/wrap-tests-with-act

      31 |       else Alert.alert('错误', (res as any).message || '获取订单详情失败');
      32 |     } catch { Alert.alert('错误', '网络错误'); }
    > 33 |     finally { setLoading(false); }
         |               ^
      34 |   };
      35 |
      36 |   const copyOrderNo = () => {

      at node_modules/react-test-renderer/cjs/react-test-renderer.development.js:14402:19
      at runWithFiberInDEV (node_modules/react-test-renderer/cjs/react-test-renderer.development.js:2315:13)
      at warnIfUpdatesNotWrappedWithActDEV (node_modules/react-test-renderer/cjs/react-test-renderer.development.js:14401:9)
      at scheduleUpdateOnFiber (node_modules/react-test-renderer/cjs/react-test-renderer.development.js:12086:9)
      at dispatchSetStateInternal (node_modules/react-test-renderer/cjs/react-test-renderer.development.js:6208:13)
      at dispatchSetState (node_modules/react-test-renderer/cjs/react-test-renderer.development.js:6165:7)
      at setLoading (src/screens/OrderDetailScreen.tsx:33:15)
      at asyncGeneratorStep (node_modules/@babel/runtime/helpers/asyncToGenerator.js:3:17)
      at _next (node_modules/@babel/runtime/helpers/asyncToGenerator.js:17:9)

PASS __tests__/screens/PartyDetailScreen.test.tsx
  ● Console

    console.error
      An update to PartyDetailScreen inside a test was not wrapped in act(...).
      
      When testing, code that causes React state updates should be wrapped into act(...):
      
      act(() => {
        /* fire events that update state */
      });
      /* assert on the output */
      
      This ensures that you're testing the behavior the user would see in the browser. Learn more at https://react.dev/link/wrap-tests-with-act

      21 |       const res = await partyApi.getPartyDetail(partyId);
      22 |       if ((res as any).code === 0) {
    > 23 |         setParty((res as any).data);
         |         ^
      24 |       } else {
      25 |         Alert.alert('错误', (res as any).message || '获取聚会详情失败');
      26 |       }

      at node_modules/react-test-renderer/cjs/react-test-renderer.development.js:14402:19
      at runWithFiberInDEV (node_modules/react-test-renderer/cjs/react-test-renderer.development.js:2315:13)
      at warnIfUpdatesNotWrappedWithActDEV (node_modules/react-test-renderer/cjs/react-test-renderer.development.js:14401:9)
      at scheduleUpdateOnFiber (node_modules/react-test-renderer/cjs/react-test-renderer.development.js:12086:9)
      at dispatchSetStateInternal (node_modules/react-test-renderer/cjs/react-test-renderer.development.js:6208:13)
      at dispatchSetState (node_modules/react-test-renderer/cjs/react-test-renderer.development.js:6165:7)
      at setParty (src/screens/PartyDetailScreen.tsx:23:9)
      at asyncGeneratorStep (node_modules/@babel/runtime/helpers/asyncToGenerator.js:3:17)
      at _next (node_modules/@babel/runtime/helpers/asyncToGenerator.js:17:9)

    console.error
      An update to PartyDetailScreen inside a test was not wrapped in act(...).
      
      When testing, code that causes React state updates should be wrapped into act(...):
      
      act(() => {
        /* fire events that update state */
      });
      /* assert on the output */
      
      This ensures that you're testing the behavior the user would see in the browser. Learn more at https://react.dev/link/wrap-tests-with-act

      28 |       Alert.alert('错误', '网络错误');
      29 |     } finally {
    > 30 |       setLoading(false);
         |       ^
      31 |     }
      32 |   }, [partyId]);
      33 |

      at node_modules/react-test-renderer/cjs/react-test-renderer.development.js:14402:19
      at runWithFiberInDEV (node_modules/react-test-renderer/cjs/react-test-renderer.development.js:2315:13)
      at warnIfUpdatesNotWrappedWithActDEV (node_modules/react-test-renderer/cjs/react-test-renderer.development.js:14401:9)
      at scheduleUpdateOnFiber (node_modules/react-test-renderer/cjs/react-test-renderer.development.js:12086:9)
      at dispatchSetStateInternal (node_modules/react-test-renderer/cjs/react-test-renderer.development.js:6208:13)
      at dispatchSetState (node_modules/react-test-renderer/cjs/react-test-renderer.development.js:6165:7)
      at setLoading (src/screens/PartyDetailScreen.tsx:30:7)
      at asyncGeneratorStep (node_modules/@babel/runtime/helpers/asyncToGenerator.js:3:17)
      at _next (node_modules/@babel/runtime/helpers/asyncToGenerator.js:17:9)

PASS __tests__/screens/PaymentScreen.test.tsx
PASS __tests__/screens/VIPCenterScreen.test.tsx
  ● Console

    console.error
      An update to VIPCenterScreen inside a test was not wrapped in act(...).
      
      When testing, code that causes React state updates should be wrapped into act(...):
      
      act(() => {
        /* fire events that update state */
      });
      /* assert on the output */
      
      This ensures that you're testing the behavior the user would see in the browser. Learn more at https://react.dev/link/wrap-tests-with-act

      67 |       if (res.success || (res as any).code === 0) {
      68 |         const data = (res as any).data || {};
    > 69 |         setVipStatus({
         |         ^
      70 |           isVip: data.isVip || data.is_vip || false,
      71 |           level: data.level || data.vip_level || 0,
      72 |           expireAt: data.expireAt || data.expire_at || null,

      at node_modules/react-test-renderer/cjs/react-test-renderer.development.js:14402:19
      at runWithFiberInDEV (node_modules/react-test-renderer/cjs/react-test-renderer.development.js:2315:13)
      at warnIfUpdatesNotWrappedWithActDEV (node_modules/react-test-renderer/cjs/react-test-renderer.development.js:14401:9)
      at scheduleUpdateOnFiber (node_modules/react-test-renderer/cjs/react-test-renderer.development.js:12086:9)
      at dispatchSetStateInternal (node_modules/react-test-renderer/cjs/react-test-renderer.development.js:6208:13)
      at dispatchSetState (node_modules/react-test-renderer/cjs/react-test-renderer.development.js:6165:7)
      at setVipStatus (src/screens/VIPCenterScreen.tsx:69:9)
      at asyncGeneratorStep (node_modules/@babel/runtime/helpers/asyncToGenerator.js:3:17)
      at _next (node_modules/@babel/runtime/helpers/asyncToGenerator.js:17:9)

    console.error
      An update to VIPCenterScreen inside a test was not wrapped in act(...).
      
      When testing, code that causes React state updates should be wrapped into act(...):
      
      act(() => {
        /* fire events that update state */
      });
      /* assert on the output */
      
      This ensures that you're testing the behavior the user would see in the browser. Learn more at https://react.dev/link/wrap-tests-with-act

      85 |       if (res.success || (res as any).code === 0) {
      86 |         const data = (res as any).data || {};
    > 87 |         setPackages(data.list || data.packages || []);
         |         ^
      88 |       }
      89 |     } catch (_error) {
      90 |       console.error("加载VIP套餐失败:", _error);

      at node_modules/react-test-renderer/cjs/react-test-renderer.development.js:14402:19
      at runWithFiberInDEV (node_modules/react-test-renderer/cjs/react-test-renderer.development.js:2315:13)
      at warnIfUpdatesNotWrappedWithActDEV (node_modules/react-test-renderer/cjs/react-test-renderer.development.js:14401:9)
      at scheduleUpdateOnFiber (node_modules/react-test-renderer/cjs/react-test-renderer.development.js:12086:9)
      at dispatchSetStateInternal (node_modules/react-test-renderer/cjs/react-test-renderer.development.js:6208:13)
      at dispatchSetState (node_modules/react-test-renderer/cjs/react-test-renderer.development.js:6165:7)
      at setPackages (src/screens/VIPCenterScreen.tsx:87:9)
      at asyncGeneratorStep (node_modules/@babel/runtime/helpers/asyncToGenerator.js:3:17)
      at _next (node_modules/@babel/runtime/helpers/asyncToGenerator.js:17:9)

    console.error
      An update to VIPCenterScreen inside a test was not wrapped in act(...).
      
      When testing, code that causes React state updates should be wrapped into act(...):
      
      act(() => {
        /* fire events that update state */
      });
      /* assert on the output */
      
      This ensures that you're testing the behavior the user would see in the browser. Learn more at https://react.dev/link/wrap-tests-with-act

      90 |       console.error("加载VIP套餐失败:", _error);
      91 |     } finally {
    > 92 |       setLoading(false);
         |       ^
      93 |     }
      94 |   }, []);
      95 |

      at node_modules/react-test-renderer/cjs/react-test-renderer.development.js:14402:19
      at runWithFiberInDEV (node_modules/react-test-renderer/cjs/react-test-renderer.development.js:2315:13)
      at warnIfUpdatesNotWrappedWithActDEV (node_modules/react-test-renderer/cjs/react-test-renderer.development.js:14401:9)
      at scheduleUpdateOnFiber (node_modules/react-test-renderer/cjs/react-test-renderer.development.js:12086:9)
      at dispatchSetStateInternal (node_modules/react-test-renderer/cjs/react-test-renderer.development.js:6208:13)
      at dispatchSetState (node_modules/react-test-renderer/cjs/react-test-renderer.development.js:6165:7)
      at setLoading (src/screens/VIPCenterScreen.tsx:92:7)
      at asyncGeneratorStep (node_modules/@babel/runtime/helpers/asyncToGenerator.js:3:17)
      at _next (node_modules/@babel/runtime/helpers/asyncToGenerator.js:17:9)

PASS __tests__/screens/MyTicketsScreen.test.tsx
PASS __tests__/screens/MyOrdersScreen.test.tsx
PASS __tests__/screens/CreatePostScreen.test.tsx
PASS __tests__/screens/UserProfileScreen.test.tsx
PASS __tests__/screens/ChatListScreen.test.tsx
PASS __tests__/screens/ProfileScreen.test.tsx
  ● Console

    console.error
      An update to ProfileScreen inside a test was not wrapped in act(...).
      
      When testing, code that causes React state updates should be wrapped into act(...):
      
      act(() => {
        /* fire events that update state */
      });
      /* assert on the output */
      
      This ensures that you're testing the behavior the user would see in the browser. Learn more at https://react.dev/link/wrap-tests-with-act

      72 |       if (OFFLINE_MODE || res.success || (res as any).code === 0) {
      73 |         const data = OFFLINE_MODE ? (res as any).data : ((res as any).data || {});
    > 74 |         setProfile({
         |         ^
      75 |           id: data.id || 0,
      76 |           nickname: data.nickname || "用户",
      77 |           avatar: data.avatar || "",

      at node_modules/react-test-renderer/cjs/react-test-renderer.development.js:14402:19
      at runWithFiberInDEV (node_modules/react-test-renderer/cjs/react-test-renderer.development.js:2315:13)
      at warnIfUpdatesNotWrappedWithActDEV (node_modules/react-test-renderer/cjs/react-test-renderer.development.js:14401:9)
      at scheduleUpdateOnFiber (node_modules/react-test-renderer/cjs/react-test-renderer.development.js:12086:9)
      at dispatchSetStateInternal (node_modules/react-test-renderer/cjs/react-test-renderer.development.js:6208:13)
      at dispatchSetState (node_modules/react-test-renderer/cjs/react-test-renderer.development.js:6165:7)
      at setProfile (src/screens/ProfileScreen.tsx:74:9)
      at asyncGeneratorStep (node_modules/@babel/runtime/helpers/asyncToGenerator.js:3:17)
      at _next (node_modules/@babel/runtime/helpers/asyncToGenerator.js:17:9)

    console.error
      An update to ProfileScreen inside a test was not wrapped in act(...).
      
      When testing, code that causes React state updates should be wrapped into act(...):
      
      act(() => {
        /* fire events that update state */
      });
      /* assert on the output */
      
      This ensures that you're testing the behavior the user would see in the browser. Learn more at https://react.dev/link/wrap-tests-with-act

      87 |       console.error("加载用户信息失败:", error);
      88 |     } finally {
    > 89 |       setLoading(false);
         |       ^
      90 |     }
      91 |   }, []);
      92 |

      at node_modules/react-test-renderer/cjs/react-test-renderer.development.js:14402:19
      at runWithFiberInDEV (node_modules/react-test-renderer/cjs/react-test-renderer.development.js:2315:13)
      at warnIfUpdatesNotWrappedWithActDEV (node_modules/react-test-renderer/cjs/react-test-renderer.development.js:14401:9)
      at scheduleUpdateOnFiber (node_modules/react-test-renderer/cjs/react-test-renderer.development.js:12086:9)
      at dispatchSetStateInternal (node_modules/react-test-renderer/cjs/react-test-renderer.development.js:6208:13)
      at dispatchSetState (node_modules/react-test-renderer/cjs/react-test-renderer.development.js:6165:7)
      at setLoading (src/screens/ProfileScreen.tsx:89:7)
      at asyncGeneratorStep (node_modules/@babel/runtime/helpers/asyncToGenerator.js:3:17)
      at _next (node_modules/@babel/runtime/helpers/asyncToGenerator.js:17:9)

    console.error
      An update to ProfileScreen inside a test was not wrapped in act(...).
      
      When testing, code that causes React state updates should be wrapped into act(...):
      
      act(() => {
        /* fire events that update state */
      });
      /* assert on the output */
      
      This ensures that you're testing the behavior the user would see in the browser. Learn more at https://react.dev/link/wrap-tests-with-act

      109 |       if (res.success || (res as any).code === 0) {
      110 |         const data = (res as any).data || {};
    > 111 |         setStats({
          |         ^
      112 |           partyCount: data.partyCount || data.totalParties || 0,
      113 |           orderCount: data.orderCount || data.totalOrders || 0,
      114 |           followingCount: data.followingCount || data.totalFollowing || 0,

      at node_modules/react-test-renderer/cjs/react-test-renderer.development.js:14402:19
      at runWithFiberInDEV (node_modules/react-test-renderer/cjs/react-test-renderer.development.js:2315:13)
      at warnIfUpdatesNotWrappedWithActDEV (node_modules/react-test-renderer/cjs/react-test-renderer.development.js:14401:9)
      at scheduleUpdateOnFiber (node_modules/react-test-renderer/cjs/react-test-renderer.development.js:12086:9)
      at dispatchSetStateInternal (node_modules/react-test-renderer/cjs/react-test-renderer.development.js:6208:13)
      at dispatchSetState (node_modules/react-test-renderer/cjs/react-test-renderer.development.js:6165:7)
      at setStats (src/screens/ProfileScreen.tsx:111:9)
      at asyncGeneratorStep (node_modules/@babel/runtime/helpers/asyncToGenerator.js:3:17)
      at _next (node_modules/@babel/runtime/helpers/asyncToGenerator.js:17:9)

PASS __tests__/screens/CommunityScreen.test.tsx
  ● Console

    console.error
      An update to CommunityScreen inside a test was not wrapped in act(...).
      
      When testing, code that causes React state updates should be wrapped into act(...):
      
      act(() => {
        /* fire events that update state */
      });
      /* assert on the output */
      
      This ensures that you're testing the behavior the user would see in the browser. Learn more at https://react.dev/link/wrap-tests-with-act

      23 |         : await socialApi.getFeed({ page: 1, pageSize: 10 }) as { code?: number; data?: PageData<Post> };
      24 |       if (OFFLINE_MODE || (res as any).code === 0) {
    > 25 |         setPosts((res as any).data?.list || []);
         |         ^
      26 |       }
      27 |     } catch (_e) { console.error(_e); }
      28 |     setLoading(false);

      at node_modules/react-test-renderer/cjs/react-test-renderer.development.js:14402:19
      at runWithFiberInDEV (node_modules/react-test-renderer/cjs/react-test-renderer.development.js:2315:13)
      at warnIfUpdatesNotWrappedWithActDEV (node_modules/react-test-renderer/cjs/react-test-renderer.development.js:14401:9)
      at scheduleUpdateOnFiber (node_modules/react-test-renderer/cjs/react-test-renderer.development.js:12086:9)
      at dispatchSetStateInternal (node_modules/react-test-renderer/cjs/react-test-renderer.development.js:6208:13)
      at dispatchSetState (node_modules/react-test-renderer/cjs/react-test-renderer.development.js:6165:7)
      at setPosts (src/screens/CommunityScreen.tsx:25:9)
      at asyncGeneratorStep (node_modules/@babel/runtime/helpers/asyncToGenerator.js:3:17)
      at _next (node_modules/@babel/runtime/helpers/asyncToGenerator.js:17:9)

    console.error
      An update to CommunityScreen inside a test was not wrapped in act(...).
      
      When testing, code that causes React state updates should be wrapped into act(...):
      
      act(() => {
        /* fire events that update state */
      });
      /* assert on the output */
      
      This ensures that you're testing the behavior the user would see in the browser. Learn more at https://react.dev/link/wrap-tests-with-act

      26 |       }
      27 |     } catch (_e) { console.error(_e); }
    > 28 |     setLoading(false);
         |     ^
      29 |     setRefreshing(false);
      30 |   }, []);
      31 |

      at node_modules/react-test-renderer/cjs/react-test-renderer.development.js:14402:19
      at runWithFiberInDEV (node_modules/react-test-renderer/cjs/react-test-renderer.development.js:2315:13)
      at warnIfUpdatesNotWrappedWithActDEV (node_modules/react-test-renderer/cjs/react-test-renderer.development.js:14401:9)
      at scheduleUpdateOnFiber (node_modules/react-test-renderer/cjs/react-test-renderer.development.js:12086:9)
      at dispatchSetStateInternal (node_modules/react-test-renderer/cjs/react-test-renderer.development.js:6208:13)
      at dispatchSetState (node_modules/react-test-renderer/cjs/react-test-renderer.development.js:6165:7)
      at setLoading (src/screens/CommunityScreen.tsx:28:5)
      at asyncGeneratorStep (node_modules/@babel/runtime/helpers/asyncToGenerator.js:3:17)
      at _next (node_modules/@babel/runtime/helpers/asyncToGenerator.js:17:9)

    console.error
      An update to CommunityScreen inside a test was not wrapped in act(...).
      
      When testing, code that causes React state updates should be wrapped into act(...):
      
      act(() => {
        /* fire events that update state */
      });
      /* assert on the output */
      
      This ensures that you're testing the behavior the user would see in the browser. Learn more at https://react.dev/link/wrap-tests-with-act

      27 |     } catch (_e) { console.error(_e); }
      28 |     setLoading(false);
    > 29 |     setRefreshing(false);
         |     ^
      30 |   }, []);
      31 |
      32 |   useFocusEffect(useCallback(() => { loadPosts(); }, [loadPosts]));

      at node_modules/react-test-renderer/cjs/react-test-renderer.development.js:14402:19
      at runWithFiberInDEV (node_modules/react-test-renderer/cjs/react-test-renderer.development.js:2315:13)
      at warnIfUpdatesNotWrappedWithActDEV (node_modules/react-test-renderer/cjs/react-test-renderer.development.js:14401:9)
      at scheduleUpdateOnFiber (node_modules/react-test-renderer/cjs/react-test-renderer.development.js:12086:9)
      at dispatchSetStateInternal (node_modules/react-test-renderer/cjs/react-test-renderer.development.js:6208:13)
      at dispatchSetState (node_modules/react-test-renderer/cjs/react-test-renderer.development.js:6165:7)
      at setRefreshing (src/screens/CommunityScreen.tsx:29:5)
      at asyncGeneratorStep (node_modules/@babel/runtime/helpers/asyncToGenerator.js:3:17)
      at _next (node_modules/@babel/runtime/helpers/asyncToGenerator.js:17:9)

    console.error
      Error: API Error
          at Object.<anonymous> (/Users/mac/.openclaw.pre-migration/workspace/juju-platform-all/JujuApp/__tests__/screens/CommunityScreen.test.tsx:103:56)
          at Generator.next (<anonymous>)
          at asyncGeneratorStep (/Users/mac/.openclaw.pre-migration/workspace/juju-platform-all/JujuApp/node_modules/@babel/runtime/helpers/asyncToGenerator.js:3:17)
          at _next (/Users/mac/.openclaw.pre-migration/workspace/juju-platform-all/JujuApp/node_modules/@babel/runtime/helpers/asyncToGenerator.js:17:9)
          at /Users/mac/.openclaw.pre-migration/workspace/juju-platform-all/JujuApp/node_modules/@babel/runtime/helpers/asyncToGenerator.js:22:7
          at new Promise (<anonymous>)
          at Object.<anonymous> (/Users/mac/.openclaw.pre-migration/workspace/juju-platform-all/JujuApp/node_modules/@babel/runtime/helpers/asyncToGenerator.js:14:12)
          at Promise.then.completed (/Users/mac/.openclaw.pre-migration/workspace/juju-platform-all/JujuApp/node_modules/jest-circus/build/utils.js:298:28)
          at new Promise (<anonymous>)
          at callAsyncCircusFn (/Users/mac/.openclaw.pre-migration/workspace/juju-platform-all/JujuApp/node_modules/jest-circus/build/utils.js:231:10)
          at _callCircusTest (/Users/mac/.openclaw.pre-migration/workspace/juju-platform-all/JujuApp/node_modules/jest-circus/build/run.js:316:40)
          at _runTest (/Users/mac/.openclaw.pre-migration/workspace/juju-platform-all/JujuApp/node_modules/jest-circus/build/run.js:252:3)
          at _runTestsForDescribeBlock (/Users/mac/.openclaw.pre-migration/workspace/juju-platform-all/JujuApp/node_modules/jest-circus/build/run.js:126:9)
          at _runTestsForDescribeBlock (/Users/mac/.openclaw.pre-migration/workspace/juju-platform-all/JujuApp/node_modules/jest-circus/build/run.js:121:9)
          at run (/Users/mac/.openclaw.pre-migration/workspace/juju-platform-all/JujuApp/node_modules/jest-circus/build/run.js:71:3)
          at runAndTransformResultsToJestFormat (/Users/mac/.openclaw.pre-migration/workspace/juju-platform-all/JujuApp/node_modules/jest-circus/build/legacy-code-todo-rewrite/jestAdapterInit.js:122:21)
          at jestAdapter (/Users/mac/.openclaw.pre-migration/workspace/juju-platform-all/JujuApp/node_modules/jest-circus/build/legacy-code-todo-rewrite/jestAdapter.js:79:19)
          at runTestInternal (/Users/mac/.openclaw.pre-migration/workspace/juju-platform-all/JujuApp/node_modules/jest-runner/build/runTest.js:367:16)
          at runTest (/Users/mac/.openclaw.pre-migration/workspace/juju-platform-all/JujuApp/node_modules/jest-runner/build/runTest.js:444:34)
          at Object.worker (/Users/mac/.openclaw.pre-migration/workspace/juju-platform-all/JujuApp/node_modules/jest-runner/build/testWorker.js:106:12)

      25 |         setPosts((res as any).data?.list || []);
      26 |       }
    > 27 |     } catch (_e) { console.error(_e); }
         |                            ^
      28 |     setLoading(false);
      29 |     setRefreshing(false);
      30 |   }, []);

      at error (src/screens/CommunityScreen.tsx:27:28)
          at Generator.throw (<anonymous>)
      at asyncGeneratorStep (node_modules/@babel/runtime/helpers/asyncToGenerator.js:3:17)
      at _throw (node_modules/@babel/runtime/helpers/asyncToGenerator.js:20:9)

PASS __tests__/screens/HomeScreen.test.tsx
PASS __tests__/screens/LoginScreen.test.tsx
PASS __tests__/api/vip.test.ts
PASS __tests__/utils/formatter.test.ts
PASS __tests__/api/group-chat.test.ts
PASS __tests__/screens/FansScreen.test.tsx
PASS __tests__/api/vipStats.test.ts
PASS __tests__/screens/VIPHistoryScreen.test.tsx
  ● Console

    console.error
      An update to VIPHistoryScreen inside a test was not wrapped in act(...).
      
      When testing, code that causes React state updates should be wrapped into act(...):
      
      act(() => {
        /* fire events that update state */
      });
      /* assert on the output */
      
      This ensures that you're testing the behavior the user would see in the browser. Learn more at https://react.dev/link/wrap-tests-with-act

      47 |         const data = (res as any).data || {};
      48 |         const list = data.list || data.history || [];
    > 49 |         setRecords(list);
         |         ^
      50 |
      51 |         // 计算统计
      52 |         const totalSpent = list.reduce((sum: number, r: SubscriptionRecord) => sum + r.price, 0);

      at node_modules/react-test-renderer/cjs/react-test-renderer.development.js:14402:19
      at runWithFiberInDEV (node_modules/react-test-renderer/cjs/react-test-renderer.development.js:2315:13)
      at warnIfUpdatesNotWrappedWithActDEV (node_modules/react-test-renderer/cjs/react-test-renderer.development.js:14401:9)
      at scheduleUpdateOnFiber (node_modules/react-test-renderer/cjs/react-test-renderer.development.js:12086:9)
      at dispatchSetStateInternal (node_modules/react-test-renderer/cjs/react-test-renderer.development.js:6208:13)
      at dispatchSetState (node_modules/react-test-renderer/cjs/react-test-renderer.development.js:6165:7)
      at setRecords (src/screens/VIPHistoryScreen.tsx:49:9)
      at asyncGeneratorStep (node_modules/@babel/runtime/helpers/asyncToGenerator.js:3:17)
      at _next (node_modules/@babel/runtime/helpers/asyncToGenerator.js:17:9)

    console.error
      An update to VIPHistoryScreen inside a test was not wrapped in act(...).
      
      When testing, code that causes React state updates should be wrapped into act(...):
      
      act(() => {
        /* fire events that update state */
      });
      /* assert on the output */
      
      This ensures that you're testing the behavior the user would see in the browser. Learn more at https://react.dev/link/wrap-tests-with-act

      52 |         const totalSpent = list.reduce((sum: number, r: SubscriptionRecord) => sum + r.price, 0);
      53 |         const totalDays = list.reduce((sum: number, r: SubscriptionRecord) => sum + r.duration * 30, 0);
    > 54 |         setStats({
         |         ^
      55 |           totalSubscriptions: list.length,
      56 |           totalSpent,
      57 |           totalDays,

      at node_modules/react-test-renderer/cjs/react-test-renderer.development.js:14402:19
      at runWithFiberInDEV (node_modules/react-test-renderer/cjs/react-test-renderer.development.js:2315:13)
      at warnIfUpdatesNotWrappedWithActDEV (node_modules/react-test-renderer/cjs/react-test-renderer.development.js:14401:9)
      at scheduleUpdateOnFiber (node_modules/react-test-renderer/cjs/react-test-renderer.development.js:12086:9)
      at dispatchSetStateInternal (node_modules/react-test-renderer/cjs/react-test-renderer.development.js:6208:13)
      at dispatchSetState (node_modules/react-test-renderer/cjs/react-test-renderer.development.js:6165:7)
      at setStats (src/screens/VIPHistoryScreen.tsx:54:9)
      at asyncGeneratorStep (node_modules/@babel/runtime/helpers/asyncToGenerator.js:3:17)
      at _next (node_modules/@babel/runtime/helpers/asyncToGenerator.js:17:9)

PASS __tests__/api/party.test.ts
PASS __tests__/api/auth.test.ts
PASS __tests__/api/user.test.ts
PASS __tests__/api/social.test.ts
PASS __tests__/api/content.test.ts
PASS __tests__/api/order.test.ts
PASS __tests__/api/favorites.test.ts
PASS __tests__/api/wallet.test.ts
PASS __tests__/screens/NotificationsScreen.test.tsx
  ● Console

    console.error
      An update to NotificationsScreen inside a test was not wrapped in act(...).
      
      When testing, code that causes React state updates should be wrapped into act(...):
      
      act(() => {
        /* fire events that update state */
      });
      /* assert on the output */
      
      This ensures that you're testing the behavior the user would see in the browser. Learn more at https://react.dev/link/wrap-tests-with-act

      44 |       if ((res as any).code === 0 || (res as any).data) {
      45 |         const list = (res as any).data?.list || [];
    > 46 |         if (reset) setNotifications(list);
         |                    ^
      47 |         else setNotifications(prev => [...prev, ...list]);
      48 |         setHasMore(list.length >= pageSize);
      49 |         setPage(currentPage + 1);

      at node_modules/react-test-renderer/cjs/react-test-renderer.development.js:14402:19
      at runWithFiberInDEV (node_modules/react-test-renderer/cjs/react-test-renderer.development.js:2315:13)
      at warnIfUpdatesNotWrappedWithActDEV (node_modules/react-test-renderer/cjs/react-test-renderer.development.js:14401:9)
      at scheduleUpdateOnFiber (node_modules/react-test-renderer/cjs/react-test-renderer.development.js:12086:9)
      at dispatchSetStateInternal (node_modules/react-test-renderer/cjs/react-test-renderer.development.js:6208:13)
      at dispatchSetState (node_modules/react-test-renderer/cjs/react-test-renderer.development.js:6165:7)
      at setNotifications (src/screens/NotificationsScreen.tsx:46:20)
      at asyncGeneratorStep (node_modules/@babel/runtime/helpers/asyncToGenerator.js:3:17)
      at _next (node_modules/@babel/runtime/helpers/asyncToGenerator.js:17:9)

    console.error
      An update to NotificationsScreen inside a test was not wrapped in act(...).
      
      When testing, code that causes React state updates should be wrapped into act(...):
      
      act(() => {
        /* fire events that update state */
      });
      /* assert on the output */
      
      This ensures that you're testing the behavior the user would see in the browser. Learn more at https://react.dev/link/wrap-tests-with-act

      46 |         if (reset) setNotifications(list);
      47 |         else setNotifications(prev => [...prev, ...list]);
    > 48 |         setHasMore(list.length >= pageSize);
         |         ^
      49 |         setPage(currentPage + 1);
      50 |       }
      51 |     } catch {

      at node_modules/react-test-renderer/cjs/react-test-renderer.development.js:14402:19
      at runWithFiberInDEV (node_modules/react-test-renderer/cjs/react-test-renderer.development.js:2315:13)
      at warnIfUpdatesNotWrappedWithActDEV (node_modules/react-test-renderer/cjs/react-test-renderer.development.js:14401:9)
      at scheduleUpdateOnFiber (node_modules/react-test-renderer/cjs/react-test-renderer.development.js:12086:9)
      at dispatchSetStateInternal (node_modules/react-test-renderer/cjs/react-test-renderer.development.js:6208:13)
      at dispatchSetState (node_modules/react-test-renderer/cjs/react-test-renderer.development.js:6165:7)
      at setHasMore (src/screens/NotificationsScreen.tsx:48:9)
      at asyncGeneratorStep (node_modules/@babel/runtime/helpers/asyncToGenerator.js:3:17)
      at _next (node_modules/@babel/runtime/helpers/asyncToGenerator.js:17:9)

    console.error
      An update to NotificationsScreen inside a test was not wrapped in act(...).
      
      When testing, code that causes React state updates should be wrapped into act(...):
      
      act(() => {
        /* fire events that update state */
      });
      /* assert on the output */
      
      This ensures that you're testing the behavior the user would see in the browser. Learn more at https://react.dev/link/wrap-tests-with-act

      47 |         else setNotifications(prev => [...prev, ...list]);
      48 |         setHasMore(list.length >= pageSize);
    > 49 |         setPage(currentPage + 1);
         |         ^
      50 |       }
      51 |     } catch {
      52 |       Alert.alert('提示', '加载失败');

      at node_modules/react-test-renderer/cjs/react-test-renderer.development.js:14402:19
      at runWithFiberInDEV (node_modules/react-test-renderer/cjs/react-test-renderer.development.js:2315:13)
      at warnIfUpdatesNotWrappedWithActDEV (node_modules/react-test-renderer/cjs/react-test-renderer.development.js:14401:9)
      at scheduleUpdateOnFiber (node_modules/react-test-renderer/cjs/react-test-renderer.development.js:12086:9)
      at dispatchSetStateInternal (node_modules/react-test-renderer/cjs/react-test-renderer.development.js:6208:13)
      at dispatchSetState (node_modules/react-test-renderer/cjs/react-test-renderer.development.js:6165:7)
      at setPage (src/screens/NotificationsScreen.tsx:49:9)
      at asyncGeneratorStep (node_modules/@babel/runtime/helpers/asyncToGenerator.js:3:17)
      at _next (node_modules/@babel/runtime/helpers/asyncToGenerator.js:17:9)

    console.error
      An update to NotificationsScreen inside a test was not wrapped in act(...).
      
      When testing, code that causes React state updates should be wrapped into act(...):
      
      act(() => {
        /* fire events that update state */
      });
      /* assert on the output */
      
      This ensures that you're testing the behavior the user would see in the browser. Learn more at https://react.dev/link/wrap-tests-with-act

      52 |       Alert.alert('提示', '加载失败');
      53 |     } finally {
    > 54 |       setLoading(false);
         |       ^
      55 |       setRefreshing(false);
      56 |     }
      57 |   }, [currentTab, page, pageSize, loading, hasMore]);

      at node_modules/react-test-renderer/cjs/react-test-renderer.development.js:14402:19
      at runWithFiberInDEV (node_modules/react-test-renderer/cjs/react-test-renderer.development.js:2315:13)
      at warnIfUpdatesNotWrappedWithActDEV (node_modules/react-test-renderer/cjs/react-test-renderer.development.js:14401:9)
      at scheduleUpdateOnFiber (node_modules/react-test-renderer/cjs/react-test-renderer.development.js:12086:9)
      at dispatchSetStateInternal (node_modules/react-test-renderer/cjs/react-test-renderer.development.js:6208:13)
      at dispatchSetState (node_modules/react-test-renderer/cjs/react-test-renderer.development.js:6165:7)
      at setLoading (src/screens/NotificationsScreen.tsx:54:7)
      at asyncGeneratorStep (node_modules/@babel/runtime/helpers/asyncToGenerator.js:3:17)
      at _next (node_modules/@babel/runtime/helpers/asyncToGenerator.js:17:9)

    console.error
      An update to NotificationsScreen inside a test was not wrapped in act(...).
      
      When testing, code that causes React state updates should be wrapped into act(...):
      
      act(() => {
        /* fire events that update state */
      });
      /* assert on the output */
      
      This ensures that you're testing the behavior the user would see in the browser. Learn more at https://react.dev/link/wrap-tests-with-act

      53 |     } finally {
      54 |       setLoading(false);
    > 55 |       setRefreshing(false);
         |       ^
      56 |     }
      57 |   }, [currentTab, page, pageSize, loading, hasMore]);
      58 |

      at node_modules/react-test-renderer/cjs/react-test-renderer.development.js:14402:19
      at runWithFiberInDEV (node_modules/react-test-renderer/cjs/react-test-renderer.development.js:2315:13)
      at warnIfUpdatesNotWrappedWithActDEV (node_modules/react-test-renderer/cjs/react-test-renderer.development.js:14401:9)
      at scheduleUpdateOnFiber (node_modules/react-test-renderer/cjs/react-test-renderer.development.js:12086:9)
      at dispatchSetStateInternal (node_modules/react-test-renderer/cjs/react-test-renderer.development.js:6208:13)
      at dispatchSetState (node_modules/react-test-renderer/cjs/react-test-renderer.development.js:6165:7)
      at setRefreshing (src/screens/NotificationsScreen.tsx:55:7)
      at asyncGeneratorStep (node_modules/@babel/runtime/helpers/asyncToGenerator.js:3:17)
      at _next (node_modules/@babel/runtime/helpers/asyncToGenerator.js:17:9)

PASS __tests__/api/invite.test.ts
PASS __tests__/screens/VIPEventsScreen.test.tsx
  ● Console

    console.error
      An update to VIPEventsScreen inside a test was not wrapped in act(...).
      
      When testing, code that causes React state updates should be wrapped into act(...):
      
      act(() => {
        /* fire events that update state */
      });
      /* assert on the output */
      
      This ensures that you're testing the behavior the user would see in the browser. Learn more at https://react.dev/link/wrap-tests-with-act

      45 |       if (res.success || (res as any).code === 0) {
      46 |         const data = (res as any).data || {};
    > 47 |         setEvents(data.list || data.events || []);
         |         ^
      48 |       }
      49 |     } catch {
      50 |       console.error("加载VIP活动失败");

      at node_modules/react-test-renderer/cjs/react-test-renderer.development.js:14402:19
      at runWithFiberInDEV (node_modules/react-test-renderer/cjs/react-test-renderer.development.js:2315:13)
      at warnIfUpdatesNotWrappedWithActDEV (node_modules/react-test-renderer/cjs/react-test-renderer.development.js:14401:9)
      at scheduleUpdateOnFiber (node_modules/react-test-renderer/cjs/react-test-renderer.development.js:12086:9)
      at dispatchSetStateInternal (node_modules/react-test-renderer/cjs/react-test-renderer.development.js:6208:13)
      at dispatchSetState (node_modules/react-test-renderer/cjs/react-test-renderer.development.js:6165:7)
      at setEvents (src/screens/VIPEventsScreen.tsx:47:9)
      at asyncGeneratorStep (node_modules/@babel/runtime/helpers/asyncToGenerator.js:3:17)
      at _next (node_modules/@babel/runtime/helpers/asyncToGenerator.js:17:9)

PASS __tests__/screens/VIPStatsScreen.test.tsx
  ● Console

    console.error
      An update to VIPStatsScreen inside a test was not wrapped in act(...).
      
      When testing, code that causes React state updates should be wrapped into act(...):
      
      act(() => {
        /* fire events that update state */
      });
      /* assert on the output */
      
      This ensures that you're testing the behavior the user would see in the browser. Learn more at https://react.dev/link/wrap-tests-with-act

      56 |       if (res.success || (res as any).code === 0) {
      57 |         const data = (res as any).data || {};
    > 58 |         setStats({
         |         ^
      59 |           totalSavings: data.totalSavings || data.total_savings || 0,
      60 |           totalOrders: data.totalOrders || data.total_orders || 0,
      61 |           totalSpent: data.totalSpent || data.total_spent || 0,

      at node_modules/react-test-renderer/cjs/react-test-renderer.development.js:14402:19
      at runWithFiberInDEV (node_modules/react-test-renderer/cjs/react-test-renderer.development.js:2315:13)
      at warnIfUpdatesNotWrappedWithActDEV (node_modules/react-test-renderer/cjs/react-test-renderer.development.js:14401:9)
      at scheduleUpdateOnFiber (node_modules/react-test-renderer/cjs/react-test-renderer.development.js:12086:9)
      at dispatchSetStateInternal (node_modules/react-test-renderer/cjs/react-test-renderer.development.js:6208:13)
      at dispatchSetState (node_modules/react-test-renderer/cjs/react-test-renderer.development.js:6165:7)
      at setStats (src/screens/VIPStatsScreen.tsx:58:9)
      at asyncGeneratorStep (node_modules/@babel/runtime/helpers/asyncToGenerator.js:3:17)
      at _next (node_modules/@babel/runtime/helpers/asyncToGenerator.js:17:9)

    console.error
      An update to VIPStatsScreen inside a test was not wrapped in act(...).
      
      When testing, code that causes React state updates should be wrapped into act(...):
      
      act(() => {
        /* fire events that update state */
      });
      /* assert on the output */
      
      This ensures that you're testing the behavior the user would see in the browser. Learn more at https://react.dev/link/wrap-tests-with-act

      65 |           upcomingRenewal: data.upcomingRenewal || data.upcoming_renewal || null,
      66 |         });
    > 67 |         setMonthlyStats(data.monthlyStats || data.monthly_stats || []);
         |         ^
      68 |       }
      69 |     } catch (error) {
      70 |       console.error("加载VIP统计失败:", error);

      at node_modules/react-test-renderer/cjs/react-test-renderer.development.js:14402:19
      at runWithFiberInDEV (node_modules/react-test-renderer/cjs/react-test-renderer.development.js:2315:13)
      at warnIfUpdatesNotWrappedWithActDEV (node_modules/react-test-renderer/cjs/react-test-renderer.development.js:14401:9)
      at scheduleUpdateOnFiber (node_modules/react-test-renderer/cjs/react-test-renderer.development.js:12086:9)
      at dispatchSetStateInternal (node_modules/react-test-renderer/cjs/react-test-renderer.development.js:6208:13)
      at dispatchSetState (node_modules/react-test-renderer/cjs/react-test-renderer.development.js:6165:7)
      at setMonthlyStats (src/screens/VIPStatsScreen.tsx:67:9)
      at asyncGeneratorStep (node_modules/@babel/runtime/helpers/asyncToGenerator.js:3:17)
      at _next (node_modules/@babel/runtime/helpers/asyncToGenerator.js:17:9)

PASS __tests__/api/chat.test.ts
PASS __tests__/utils/cache.test.ts
PASS __tests__/api/notification.test.ts
PASS __tests__/App.test.tsx
A worker process has failed to exit gracefully and has been force exited. This is likely caused by tests leaking due to improper teardown. Try running with --detectOpenHandles to find leaks. Active timers can also cause this, ensure that .unref() was called on them.
------------------------------|---------|----------|---------|---------|-----------------------------------------------------------------------------------------------
File                          | % Stmts | % Branch | % Funcs | % Lines | Uncovered Line #s                                                                             
------------------------------|---------|----------|---------|---------|-----------------------------------------------------------------------------------------------
All files                     |   37.23 |    29.56 |    29.8 |   39.86 |                                                                                               
 JujuApp                      |   76.66 |       50 |    62.5 |   76.66 |                                                                                               
  App.tsx                     |   76.66 |       50 |    62.5 |   76.66 | 89-95,112-122                                                                                 
 JujuApp/src/api              |   45.95 |    14.28 |   48.42 |   47.07 |                                                                                               
  apiClient.ts                |   10.63 |        0 |       0 |   11.11 | 40-50,55-91,97-99,104-118,124-157,162-192                                                     
  auth.ts                     |     100 |      100 |     100 |     100 |                                                                                               
  chat.ts                     |     100 |      100 |     100 |     100 |                                                                                               
  content.ts                  |      75 |       75 |   71.42 |      75 | 25-26                                                                                         
  favorites.ts                |     100 |      100 |     100 |     100 |                                                                                               
  follow.ts                   |   16.66 |        0 |       0 |   16.66 | 5-9                                                                                           
  group-chat.ts               |      68 |      100 |   63.63 |      68 | 40-47                                                                                         
  index.ts                    |   35.29 |     4.54 |    4.76 |   36.36 | 34,38-41,92-100,104-109,114-123                                                               
  invite.ts                   |     100 |      100 |     100 |     100 |                                                                                               
  map.ts                      |   14.28 |        0 |       0 |   14.28 | 38-59                                                                                         
  mockApi.ts                  |    6.66 |        0 |       0 |     7.5 | 25-149                                                                                        
  mockData.ts                 |     100 |      100 |     100 |     100 |                                                                                               
  notification.ts             |     100 |      100 |     100 |     100 |                                                                                               
  order.ts                    |     100 |      100 |     100 |     100 |                                                                                               
  party.ts                    |   77.77 |       60 |   73.33 |   77.77 | 95-98                                                                                         
  profile.ts                  |   21.42 |      100 |   15.38 |   21.42 | 4-11,13-15                                                                                    
  push.ts                     |    9.09 |      100 |       0 |    9.09 | 14-104                                                                                        
  recommendation.ts           |    12.5 |        0 |       0 |    12.5 | 5-11                                                                                          
  scan.ts                     |   16.66 |      100 |       0 |   16.66 | 27-47                                                                                         
  social.ts                   |     100 |      100 |     100 |     100 |                                                                                               
  tag.ts                      |    7.69 |        0 |       0 |    7.69 | 12-23                                                                                         
  ticket.ts                   |      10 |        0 |       0 |      10 | 31-39                                                                                         
  user.ts                     |     100 |      100 |     100 |     100 |                                                                                               
  vip.ts                      |     100 |      100 |     100 |     100 |                                                                                               
  vipStats.ts                 |     100 |      100 |     100 |     100 |                                                                                               
  wallet.ts                   |     100 |      100 |     100 |     100 |                                                                                               
 JujuApp/src/components       |   66.66 |    85.71 |      25 |      80 |                                                                                               
  OptimizedImage.tsx          |   66.66 |    85.71 |      25 |      80 | 24-25                                                                                         
 JujuApp/src/config           |     100 |      100 |     100 |     100 |                                                                                               
  index.ts                    |     100 |      100 |     100 |     100 |                                                                                               
 JujuApp/src/context          |   27.77 |        0 |   16.66 |   27.77 |                                                                                               
  AppContext.tsx              |   27.77 |        0 |   16.66 |   27.77 | 24-32,38-43,49-54,60-65,83-87                                                                 
 JujuApp/src/screens          |   33.31 |    29.89 |   20.89 |   36.13 |                                                                                               
  ChatListScreen.tsx          |   44.44 |    27.27 |   10.34 |   55.35 | 22-24,34-39,49-50,56-59,63-65,70-72,80,107-120                                                
  CommunityScreen.tsx         |   64.44 |    46.66 |   63.63 |   71.05 | 35-39,48-50,66,84,87                                                                          
  CreateGroupScreen.tsx       |       4 |        0 |       0 |    4.16 | 9-68                                                                                          
  CreatePartyScreen.tsx       |    30.5 |    29.41 |   42.85 |   32.55 | 42-47,51-72,111-136,144-151                                                                   
  CreatePostScreen.tsx        |   30.18 |       52 |   13.33 |   33.33 | 36-51,55,59-83,93-115,119-123,133-169                                                         
  CustomerServiceScreen.tsx   |     100 |      100 |     100 |     100 |                                                                                               
  DownloadScreen.tsx          |    9.09 |      100 |       0 |    9.09 | 15-31                                                                                         
  EvoMapDemoScreen.tsx        |    4.54 |        0 |       0 |    4.54 | 6-100                                                                                         
  FansScreen.tsx              |    54.9 |       40 |   42.85 |   57.14 | 35,40-41,52-55,59-62,67-77,89-101                                                             
  FavoritesScreen.tsx         |    3.22 |        0 |       0 |    3.33 | 8-76                                                                                          
  FollowingScreen.tsx         |   53.84 |    43.33 |      40 |   57.14 | 30,35-36,47-50,54-57,62-79,95-107                                                             
  GroupChatListScreen.tsx     |    7.14 |        0 |       0 |    8.33 | 7-47                                                                                          
  GroupChatScreen.tsx         |       5 |        0 |       0 |    5.55 | 7-46                                                                                          
  HomeScreen.tsx              |   52.11 |    21.27 |   27.27 |   66.66 | 33-34,39,59-63,80-88,138-141,159-187                                                          
  InviteCodeScreen.tsx        |    4.54 |        0 |       0 |    5.26 | 8-66                                                                                          
  LocationPickerScreen.tsx    |    2.85 |        0 |       0 |    2.85 | 18-107                                                                                        
  LoginScreen.tsx             |   20.83 |    20.51 |      20 |   22.22 | 17-41,46-70                                                                                   
  MapScreen.tsx               |      50 |    41.93 |   33.33 |   51.72 | 69-80,85-94,98-102,107-121,144-147                                                            
  MyOrdersScreen.tsx          |   31.74 |       20 |   16.66 |   42.55 | 33-49,59-66,72,76-99,118                                                                      
  MyPartiesScreen.tsx         |    3.84 |        0 |       0 |    5.26 | 8-46                                                                                          
  MyTicketsScreen.tsx         |   38.46 |    28.57 |   14.28 |   41.66 | 32-50,56,61-62,66-68,73-75,79,83-118,138                                                      
  NotificationsScreen.tsx     |   34.37 |    26.66 |   14.81 |   39.44 | 47,52,62-63,74-78,82-88,93-97,103-116,124-137,145-149,155-159,163-166,170-181,185-188,216-234 
  OrderDetailScreen.tsx       |    62.5 |       50 |   42.85 |   63.88 | 31-32,37-39,44-51,57,65                                                                       
  OrderSuccessScreen.tsx      |    8.33 |        0 |       0 |    8.33 | 14-31                                                                                         
  PartyDetailScreen.tsx       |   82.92 |    66.66 |   72.72 |   83.78 | 25-28,62,75,83,141                                                                            
  PaymentScreen.tsx           |      50 |    69.23 |      40 |   52.38 | 21-34,39                                                                                      
  PrivateChatScreen.tsx       |    5.26 |        0 |       0 |    5.88 | 7-38                                                                                          
  ProfileScreen.tsx           |    64.7 |     55.1 |   35.29 |   67.34 | 87,119,124-126,130-137,144,168-214,227                                                        
  PushMessagesScreen.tsx      |    0.66 |        0 |       0 |    0.82 | 20-270                                                                                        
  PushSettingsScreen.tsx      |    5.97 |        0 |       0 |    6.77 | 42-266                                                                                        
  RefundApplyScreen.tsx       |    2.77 |        0 |       0 |    3.03 | 14-91                                                                                         
  ReviewScreen.tsx            |       2 |        0 |       0 |    2.27 | 16-136                                                                                        
  ScanHistoryScreen.tsx       |    4.54 |        0 |       0 |    4.54 | 8-56                                                                                          
  ScanTicketScreen.tsx        |   69.56 |       75 |   66.66 |   72.72 | 30-36                                                                                         
  SharePosterScreen.tsx       |    6.66 |        0 |       0 |    7.14 | 7-30                                                                                          
  SocialScreen.tsx            |   60.93 |    52.38 |   26.31 |    61.4 | 47,51-54,61-69,75,79-82,89-119,131-140,152                                                    
  TagManageScreen.tsx         |    3.12 |        0 |       0 |    3.22 | 7-84                                                                                          
  ThemePreviewScreen.tsx      |      40 |      100 |       0 |      40 | 26-84                                                                                         
  TicketInventoryScreen.tsx   |    4.54 |        0 |       0 |    5.76 | 23-139                                                                                        
  TicketSelectionScreen.tsx   |    1.96 |        0 |       0 |    2.38 | 10-131                                                                                        
  TicketStatsDetailScreen.tsx |    8.33 |        0 |       0 |   11.11 | 7-20                                                                                          
  TicketStatsScreen.tsx       |   23.07 |        0 |       0 |      30 | 9-42                                                                                          
  UserProfileScreen.tsx       |   52.38 |    39.28 |   46.66 |   57.14 | 19-26,32-33,50-63,109-123                                                                     
  VIPCenterScreen.tsx         |   60.37 |    45.61 |   35.29 |   59.61 | 77,90,97-99,103-117,174-246                                                                   
  VIPEventsScreen.tsx         |   39.58 |    21.42 |      25 |   40.42 | 50,55-57,61-75,87-88,92-100,120-128,140-222                                                   
  VIPHistoryScreen.tsx        |   55.81 |    42.85 |   30.76 |      60 | 61,66-68,76-77,81-89,128-198                                                                  
  VIPLevelsScreen.tsx         |   85.18 |    79.16 |    87.5 |      84 | 84,89-91                                                                                      
  VIPPointsScreen.tsx         |      50 |    46.93 |   31.25 |      50 | 70,82,87-89,93-112,134-186,214-234                                                            
  VIPPrivilegesScreen.tsx     |    5.71 |        0 |       0 |    6.06 | 92-279                                                                                        
  VIPStatsScreen.tsx          |   72.41 |    86.84 |      50 |      75 | 70,75-77,104-198                                                                              
  WalletScreen.tsx            |   72.97 |    82.35 |   57.14 |   80.76 | 27,34,57-61,84                                                                                
 JujuApp/src/theme            |   73.68 |        0 |       0 |   73.68 |                                                                                               
  animation.ts                |      50 |      100 |       0 |      50 | 71                                                                                            
  colors.ts                   |     100 |      100 |     100 |     100 |                                                                                               
  glassmorphism.ts            |      50 |        0 |       0 |      50 | 12-19                                                                                         
  index.ts                    |     100 |      100 |     100 |     100 |                                                                                               
  shadows.ts                  |     100 |      100 |     100 |     100 |                                                                                               
  spacing.ts                  |     100 |      100 |     100 |     100 |                                                                                               
  typography.ts               |     100 |      100 |     100 |     100 |                                                                                               
 JujuApp/src/utils            |    55.9 |    43.83 |   51.42 |    57.4 |                                                                                               
  cache.ts                    |     100 |      100 |     100 |     100 |                                                                                               
  formatter.ts                |     100 |      100 |     100 |     100 |                                                                                               
  mapService.ts               |   11.11 |     2.38 |   10.52 |    13.2 | 15-104,113-119                                                                                
------------------------------|---------|----------|---------|---------|-----------------------------------------------------------------------------------------------

Test Suites: 44 passed, 44 total
Tests:       360 passed, 360 total
Snapshots:   0 total
Time:        5.813 s, estimated 7 s
Ran all test suites.
[2/6] ESLint深度检查...

/Users/mac/.openclaw.pre-migration/workspace/juju-platform-all/JujuApp/src/api/apiClient.ts
  79:22  warning  Unexpected use of '|'   no-bitwise
  79:23  warning  Unexpected use of '<<'  no-bitwise
  79:37  warning  Unexpected use of '>>'  no-bitwise
  80:22  warning  Unexpected use of '|'   no-bitwise
  80:23  warning  Unexpected use of '<<'  no-bitwise
  80:24  warning  Unexpected use of '&'   no-bitwise
  80:44  warning  Unexpected use of '>>'  no-bitwise
  81:22  warning  Unexpected use of '|'   no-bitwise
  81:23  warning  Unexpected use of '<<'  no-bitwise
  81:24  warning  Unexpected use of '&'   no-bitwise

/Users/mac/.openclaw.pre-migration/workspace/juju-platform-all/JujuApp/src/components/Button.tsx
  87:9  warning  Inline style: { borderWidth: "variant === 'outline' ? 2 : 0" }  react-native/no-inline-styles

/Users/mac/.openclaw.pre-migration/workspace/juju-platform-all/JujuApp/src/components/Skeleton.tsx
  67:48  warning  Inline style: { marginTop: 8 }  react-native/no-inline-styles
  96:49  warning  Inline style: { marginTop: 8 }  react-native/no-inline-styles

/Users/mac/.openclaw.pre-migration/workspace/juju-platform-all/JujuApp/src/screens/CommunityScreen.tsx
  85:29  warning  Do not define components during render. React will see a new component type on every render and destroy the entire subtree’s DOM nodes and state (https://reactjs.org/docs/reconciliation.html#elements-of-different-types). Instead, move this component definition out of the parent component “CommunityScreen” and pass data as props. If you want to allow component creation in props, set allowAsProps option to true  react/no-unstable-nested-components

/Users/mac/.openclaw.pre-migration/workspace/juju-platform-all/JujuApp/src/screens/CreatePartyScreen.tsx
   56:27  warning  Missing radix parameter                     radix
   60:28  warning  Missing radix parameter                     radix
  130:46  warning  Inline style: { flex: 1, marginRight: 12 }  react-native/no-inline-styles
  134:46  warning  Inline style: { flex: 1 }                   react-native/no-inline-styles
  143:48  warning  Inline style: { flex: 1, marginRight: 8 }   react-native/no-inline-styles
  148:48  warning  Inline style: { flex: 1, marginRight: 8 }   react-native/no-inline-styles
  156:24  warning  Inline style: { height: 100 }               react-native/no-inline-styles

/Users/mac/.openclaw.pre-migration/workspace/juju-platform-all/JujuApp/src/screens/MyTicketsScreen.tsx
  57:8  error  React Hook useCallback has a missing dependency: 'fetchTickets'. Either include it or remove the dependency array  react-hooks/exhaustive-deps

/Users/mac/.openclaw.pre-migration/workspace/juju-platform-all/JujuApp/src/screens/NotificationsScreen.tsx
   71:6   error  React Hook useEffect has missing dependencies: 'loadNotifications' and 'loadUnreadCount'. Either include them or remove the dependency array  react-hooks/exhaustive-deps
  136:20  error  '_' is defined but never used                                                                                                                 @typescript-eslint/no-unused-vars

/Users/mac/.openclaw.pre-migration/workspace/juju-platform-all/JujuApp/src/screens/OrderDetailScreen.tsx
   24:6   error    React Hook useEffect has a missing dependency: 'fetchOrderDetail'. Either include it or remove the dependency array  react-hooks/exhaustive-deps
  139:22  warning  Inline style: { height: 100 }                                                                                        react-native/no-inline-styles

/Users/mac/.openclaw.pre-migration/workspace/juju-platform-all/JujuApp/src/screens/PartyDetailScreen.tsx
  27:14  error  '_' is defined but never used  @typescript-eslint/no-unused-vars

/Users/mac/.openclaw.pre-migration/workspace/juju-platform-all/JujuApp/src/screens/PaymentScreen.tsx
   4:10  error  'orderApi' is defined but never used  @typescript-eslint/no-unused-vars
  31:14  error  'error' is defined but never used     @typescript-eslint/no-unused-vars

/Users/mac/.openclaw.pre-migration/workspace/juju-platform-all/JujuApp/src/screens/PrivateChatScreen.tsx
   9:11  error    'conversationId' is assigned a value but never used  @typescript-eslint/no-unused-vars
  36:22  warning  Inline style: { width: 50 }                          react-native/no-inline-styles

/Users/mac/.openclaw.pre-migration/workspace/juju-platform-all/JujuApp/src/screens/ProfileScreen.tsx
   7:26  error  'RootStackParamList' is defined but never used                                                                 @typescript-eslint/no-unused-vars
  49:10  error  'loading' is assigned a value but never used. Allowed unused elements of array destructuring must match /^_/u  @typescript-eslint/no-unused-vars

/Users/mac/.openclaw.pre-migration/workspace/juju-platform-all/JujuApp/src/screens/PushMessagesScreen.tsx
   52:14  error    'error' is defined but never used                                                                                                                                                                                                                                                                                                             @typescript-eslint/no-unused-vars
   58:6   error    React Hook useCallback has a missing dependency: 'loadUnreadCount'. Either include it or remove the dependency array                                                                                                                                                                                                                          react-hooks/exhaustive-deps
   69:44  error    React Hook useEffect has a missing dependency: 'loadMessages'. Either include it or remove the dependency array                                                                                                                                                                                                                               react-hooks/exhaustive-deps
   96:14  error    'error' is defined but never used                                                                                                                                                                                                                                                                                                             @typescript-eslint/no-unused-vars
  114:20  error    'error' is defined but never used                                                                                                                                                                                                                                                                                                             @typescript-eslint/no-unused-vars
  143:20  error    'error' is defined but never used                                                                                                                                                                                                                                                                                                             @typescript-eslint/no-unused-vars
  164:20  error    'error' is defined but never used                                                                                                                                                                                                                                                                                                             @typescript-eslint/no-unused-vars
  199:24  warning  Do not define components during render. React will see a new component type on every render and destroy the entire subtree’s DOM nodes and state (https://reactjs.org/docs/reconciliation.html#elements-of-different-types). Instead, move this component definition out of the parent component “PushMessagesScreen” and pass data as props  react/no-unstable-nested-components

/Users/mac/.openclaw.pre-migration/workspace/juju-platform-all/JujuApp/src/screens/PushSettingsScreen.tsx
   55:14  error    'error' is defined but never used                                                                                                                                                                                                                                                                                                             @typescript-eslint/no-unused-vars
   71:14  error    'error' is defined but never used                                                                                                                                                                                                                                                                                                             @typescript-eslint/no-unused-vars
   88:20  error    'error' is defined but never used                                                                                                                                                                                                                                                                                                             @typescript-eslint/no-unused-vars
  101:23  warning  Do not define components during render. React will see a new component type on every render and destroy the entire subtree’s DOM nodes and state (https://reactjs.org/docs/reconciliation.html#elements-of-different-types). Instead, move this component definition out of the parent component “PushSettingsScreen” and pass data as props  react/no-unstable-nested-components
  131:26  warning  Do not define components during render. React will see a new component type on every render and destroy the entire subtree’s DOM nodes and state (https://reactjs.org/docs/reconciliation.html#elements-of-different-types). Instead, move this component definition out of the parent component “PushSettingsScreen” and pass data as props  react/no-unstable-nested-components

/Users/mac/.openclaw.pre-migration/workspace/juju-platform-all/JujuApp/src/screens/RefundApplyScreen.tsx
   2:82  error  'Platform' is defined but never used                                                                               @typescript-eslint/no-unused-vars
  20:18  error  'setImages' is assigned a value but never used. Allowed unused elements of array destructuring must match /^_/u    @typescript-eslint/no-unused-vars
  34:6   error  React Hook useEffect has a missing dependency: 'fetchOrderInfo'. Either include it or remove the dependency array  react-hooks/exhaustive-deps
  40:14  error  'error' is defined but never used                                                                                  @typescript-eslint/no-unused-vars
  64:14  error  'error' is defined but never used                                                                                  @typescript-eslint/no-unused-vars

/Users/mac/.openclaw.pre-migration/workspace/juju-platform-all/JujuApp/src/screens/ReviewScreen.tsx
   2:89  error  'Platform' is defined but never used                                                                               @typescript-eslint/no-unused-vars
   4:10  error  'orderApi' is defined but never used                                                                               @typescript-eslint/no-unused-vars
  32:6   error  React Hook useEffect has a missing dependency: 'fetchPartyInfo'. Either include it or remove the dependency array  react-hooks/exhaustive-deps
  38:14  error  'error' is defined but never used                                                                                  @typescript-eslint/no-unused-vars
  71:14  error  'error' is defined but never used                                                                                  @typescript-eslint/no-unused-vars

/Users/mac/.openclaw.pre-migration/workspace/juju-platform-all/JujuApp/src/screens/SocialScreen.tsx
  35:6   error    React Hook useEffect has a missing dependency: 'loadUsers'. Either include it or remove the dependency array  react-hooks/exhaustive-deps
  74:24  warning  'userId' is already declared in the upper scope on line 23 column 11                                          @typescript-eslint/no-shadow

/Users/mac/.openclaw.pre-migration/workspace/juju-platform-all/JujuApp/src/screens/TicketInventoryScreen.tsx
  133:67  warning  Inline style: { margin: 20 }  react-native/no-inline-styles

/Users/mac/.openclaw.pre-migration/workspace/juju-platform-all/JujuApp/src/screens/TicketSelectionScreen.tsx
  47:17  warning  Missing radix parameter  radix

✖ 60 problems (31 errors, 29 warnings)

[3/6] 性能检查...
[4/6] 数据流验证...
[5/6] 页面完整性检查...
[6/6] 导航配置检查...
✅ 深度检查完成
